"ingredients","business","dish","price","location","date"
"","La Petite","Salatteller mit frischem buntem Gartensalat wahlweise mit Sweet Chili Chicken","5,90","Adlershof","2017-09-11 00:00:00"
"","La Petite","Salatteller mit frischem buntem Gartensalat wahlweise mit Sweet Chili Chicken","5,90","Adlershof","2017-09-12 00:00:00"
"","La Petite","Salatteller mit frischem buntem Gartensalat wahlweise mit Sweet Chili Chicken","5,90","Adlershof","2017-09-13 00:00:00"
"","La Petite","Salatteller mit frischem buntem Gartensalat wahlweise mit Sweet Chili Chicken","5,90","Adlershof","2017-09-14 00:00:00"
"","La Petite","Salatteller mit frischem buntem Gartensalat wahlweise mit Sweet Chili Chicken","5,90","Adlershof","2017-09-15 00:00:00"
"Vegetarian","La Petite","Red Thai Curry mit asiatischem Gemüse, Zitronengras wahlweise mit Chicken oder Vegetarisch auf Basmatireis","6,20","Adlershof","2017-09-11 00:00:00"
"Vegetarian","La Petite","Red Thai Curry mit asiatischem Gemüse, Zitronengras wahlweise mit Chicken oder Vegetarisch auf Basmatireis","6,20","Adlershof","2017-09-12 00:00:00"
"Vegetarian","La Petite","Red Thai Curry mit asiatischem Gemüse, Zitronengras wahlweise mit Chicken oder Vegetarisch auf Basmatireis","6,20","Adlershof","2017-09-13 00:00:00"
"Vegetarian","La Petite","Red Thai Curry mit asiatischem Gemüse, Zitronengras wahlweise mit Chicken oder Vegetarisch auf Basmatireis","6,20","Adlershof","2017-09-14 00:00:00"
"Vegetarian","La Petite","Red Thai Curry mit asiatischem Gemüse, Zitronengras wahlweise mit Chicken oder Vegetarisch auf Basmatireis","6,20","Adlershof","2017-09-15 00:00:00"
"","La Petite","Paniertes Schweineschnitzel mit ChampignonRahmsauce, dazu Petersilienkartoffeln + Salatbeilage der Saison","6,50","Adlershof","2017-09-11 00:00:00"
"","La Petite","Paniertes Schweineschnitzel mit ChampignonRahmsauce, dazu Petersilienkartoffeln + Salatbeilage der Saison","6,50","Adlershof","2017-09-12 00:00:00"
"","La Petite","Paniertes Schweineschnitzel mit ChampignonRahmsauce, dazu Petersilienkartoffeln + Salatbeilage der Saison","6,50","Adlershof","2017-09-13 00:00:00"
"","La Petite","Paniertes Schweineschnitzel mit ChampignonRahmsauce, dazu Petersilienkartoffeln + Salatbeilage der Saison","6,50","Adlershof","2017-09-14 00:00:00"
"","La Petite","Paniertes Schweineschnitzel mit ChampignonRahmsauce, dazu Petersilienkartoffeln + Salatbeilage der Saison","6,50","Adlershof","2017-09-15 00:00:00"
"","La Petite","Studio CurryWurst mit Spezialsauce, dazu Kartoffel.oder Nudelsalat","4,90","Adlershof","2017-09-11 00:00:00"
"","La Petite","Studio CurryWurst mit Spezialsauce, dazu Kartoffel.oder Nudelsalat","4,90","Adlershof","2017-09-12 00:00:00"
"","La Petite","Studio CurryWurst mit Spezialsauce, dazu Kartoffel.oder Nudelsalat","4,90","Adlershof","2017-09-13 00:00:00"
"","La Petite","Studio CurryWurst mit Spezialsauce, dazu Kartoffel.oder Nudelsalat","4,90","Adlershof","2017-09-14 00:00:00"
"","La Petite","Studio CurryWurst mit Spezialsauce, dazu Kartoffel.oder Nudelsalat","4,90","Adlershof","2017-09-15 00:00:00"
"","La Petite","ChickenBurger mit saftigem KrispyChicken vom Grill, hausgemachter Majonäse, knackigem Salat, Tomaten und Zwiebeln, Käse und Gewürzgurken + American Krautsalat","6,60","Adlershof","2017-09-11 00:00:00"
"","La Petite","ChickenBurger mit saftigem KrispyChicken vom Grill, hausgemachter Majonäse, knackigem Salat, Tomaten und Zwiebeln, Käse und Gewürzgurken + American Krautsalat","6,60","Adlershof","2017-09-12 00:00:00"
"","La Petite","ChickenBurger mit saftigem KrispyChicken vom Grill, hausgemachter Majonäse, knackigem Salat, Tomaten und Zwiebeln, Käse und Gewürzgurken + American Krautsalat","6,60","Adlershof","2017-09-13 00:00:00"
"","La Petite","ChickenBurger mit saftigem KrispyChicken vom Grill, hausgemachter Majonäse, knackigem Salat, Tomaten und Zwiebeln, Käse und Gewürzgurken + American Krautsalat","6,60","Adlershof","2017-09-14 00:00:00"
"ingredients","business","dish","price","location","date"
"Soup","Suppencult","Soljanka mit Kassler, Kartoffeln, Tomaten, Paprika, sauren Gurken, Sahne und frischer Petersilie","4,70","Alexanderplatz","2017-09-11 00:00:00"
"Soup","Suppencult","Soljanka mit Kassler, Kartoffeln, Tomaten, Paprika, sauren Gurken, Sahne und frischer Petersilie","4,70","Alexanderplatz","2017-09-12 00:00:00"
"Soup","Suppencult","Soljanka mit Kassler, Kartoffeln, Tomaten, Paprika, sauren Gurken, Sahne und frischer Petersilie","4,70","Alexanderplatz","2017-09-13 00:00:00"
"Soup","Suppencult","Soljanka mit Kassler, Kartoffeln, Tomaten, Paprika, sauren Gurken, Sahne und frischer Petersilie","4,70","Alexanderplatz","2017-09-14 00:00:00"
"Soup","Suppencult","Soljanka mit Kassler, Kartoffeln, Tomaten, Paprika, sauren Gurken, Sahne und frischer Petersilie","4,70","Alexanderplatz","2017-09-15 00:00:00"
"Soup","Suppencult","Mitternachtssuppe mit Hackfleisch, Kartoffeln, Sauerkraut, Tomaten, sauren Gurken, einer hausgemachten Knoblauchmayonnaise und frischer Petersilie","4,40","Alexanderplatz","2017-09-11 00:00:00"
"Soup","Suppencult","Mitternachtssuppe mit Hackfleisch, Kartoffeln, Sauerkraut, Tomaten, sauren Gurken, einer hausgemachten Knoblauchmayonnaise und frischer Petersilie","4,40","Alexanderplatz","2017-09-12 00:00:00"
"Soup","Suppencult","Mitternachtssuppe mit Hackfleisch, Kartoffeln, Sauerkraut, Tomaten, sauren Gurken, einer hausgemachten Knoblauchmayonnaise und frischer Petersilie","4,40","Alexanderplatz","2017-09-13 00:00:00"
"Soup","Suppencult","Mitternachtssuppe mit Hackfleisch, Kartoffeln, Sauerkraut, Tomaten, sauren Gurken, einer hausgemachten Knoblauchmayonnaise und frischer Petersilie","4,40","Alexanderplatz","2017-09-14 00:00:00"
"Soup","Suppencult","Mitternachtssuppe mit Hackfleisch, Kartoffeln, Sauerkraut, Tomaten, sauren Gurken, einer hausgemachten Knoblauchmayonnaise und frischer Petersilie","4,40","Alexanderplatz","2017-09-15 00:00:00"
"","Suppencult","Klare Hühnerbrühe mit Maultaschen und frischer Petersilie","4,30","Alexanderplatz","2017-09-11 00:00:00"
"","Suppencult","Klare Hühnerbrühe mit Maultaschen und frischer Petersilie","4,30","Alexanderplatz","2017-09-12 00:00:00"
"","Suppencult","Klare Hühnerbrühe mit Maultaschen und frischer Petersilie","4,30","Alexanderplatz","2017-09-13 00:00:00"
"","Suppencult","Klare Hühnerbrühe mit Maultaschen und frischer Petersilie","4,30","Alexanderplatz","2017-09-14 00:00:00"
"","Suppencult","Klare Hühnerbrühe mit Maultaschen und frischer Petersilie","4,30","Alexanderplatz","2017-09-15 00:00:00"
"","Suppencult","Hausgemachte Lasagne Bolognese serviert mit einem frischen Salat","5,50","Alexanderplatz","2017-09-11 00:00:00"
"","Suppencult","Hausgemachte Lasagne Bolognese serviert mit einem frischen Salat","5,50","Alexanderplatz","2017-09-12 00:00:00"
"","Suppencult","Hausgemachte Lasagne Bolognese serviert mit einem frischen Salat","5,50","Alexanderplatz","2017-09-13 00:00:00"
"","Suppencult","Hausgemachte Lasagne Bolognese serviert mit einem frischen Salat","5,50","Alexanderplatz","2017-09-14 00:00:00"
"","Suppencult","Hausgemachte Lasagne Bolognese serviert mit einem frischen Salat","5,50","Alexanderplatz","2017-09-15 00:00:00"
"","Suppencult","Spinatsalat mit Hirtenkäse, Feldsalat, Kartoffeln, Lauchzwiebeln, Weintrauben und einem hausgemachten Senfdressing, auf Wunsch mit Hähnchenbrustfilet","5,40/5,80","Alexanderplatz","2017-09-11 00:00:00"
"","Suppencult","Spinatsalat mit Hirtenkäse, Feldsalat, Kartoffeln, Lauchzwiebeln, Weintrauben und einem hausgemachten Senfdressing, auf Wunsch mit Hähnchenbrustfilet","5,40/5,80","Alexanderplatz","2017-09-12 00:00:00"
"","Suppencult","Spinatsalat mit Hirtenkäse, Feldsalat, Kartoffeln, Lauchzwiebeln, Weintrauben und einem hausgemachten Senfdressing, auf Wunsch mit Hähnchenbrustfilet","5,40/5,80","Alexanderplatz","2017-09-13 00:00:00"
"ingredients","business","dish","price","location","date"
"","Esswirtschaft","Schweinegulasch mit Paprika, dazu Spiralnudeln","","Adlershof","2017-09-11 00:00:00"
"","Esswirtschaft","Schweinegulasch mit Paprika, dazu Spiralnudeln","","Adlershof","2017-09-12 00:00:00"
"","Esswirtschaft","Schweinegulasch mit Paprika, dazu Spiralnudeln","","Adlershof","2017-09-13 00:00:00"
"","Esswirtschaft","Schweinegulasch mit Paprika, dazu Spiralnudeln","","Adlershof","2017-09-14 00:00:00"
"","Esswirtschaft","Schweinegulasch mit Paprika, dazu Spiralnudeln","","Adlershof","2017-09-15 00:00:00"
"","Esswirtschaft","Classic Cobb-Crispy Salat mit gebratenem Hähnchen, Cheddar, Tomaten, Ei, Bacon und Zwiebeln","","Adlershof","2017-09-11 00:00:00"
"","Esswirtschaft","Classic Cobb-Crispy Salat mit gebratenem Hähnchen, Cheddar, Tomaten, Ei, Bacon und Zwiebeln","","Adlershof","2017-09-12 00:00:00"
"","Esswirtschaft","Classic Cobb-Crispy Salat mit gebratenem Hähnchen, Cheddar, Tomaten, Ei, Bacon und Zwiebeln","","Adlershof","2017-09-13 00:00:00"
"","Esswirtschaft","Classic Cobb-Crispy Salat mit gebratenem Hähnchen, Cheddar, Tomaten, Ei, Bacon und Zwiebeln","","Adlershof","2017-09-14 00:00:00"
"","Esswirtschaft","Classic Cobb-Crispy Salat mit gebratenem Hähnchen, Cheddar, Tomaten, Ei, Bacon und Zwiebeln","","Adlershof","2017-09-15 00:00:00"
"Vegetarian","Esswirtschaft","Kartoffelsalat im Glas mit Rucola, Oliven, Tomaten, Parmesan und Cranberrydressing","","Adlershof","2017-09-11 00:00:00"
"Vegetarian","Esswirtschaft","Kartoffelsalat im Glas mit Rucola, Oliven, Tomaten, Parmesan und Cranberrydressing","","Adlershof","2017-09-12 00:00:00"
"Vegetarian","Esswirtschaft","Kartoffelsalat im Glas mit Rucola, Oliven, Tomaten, Parmesan und Cranberrydressing","","Adlershof","2017-09-13 00:00:00"
"Vegetarian","Esswirtschaft","Kartoffelsalat im Glas mit Rucola, Oliven, Tomaten, Parmesan und Cranberrydressing","","Adlershof","2017-09-14 00:00:00"
"Vegetarian","Esswirtschaft","Kartoffelsalat im Glas mit Rucola, Oliven, Tomaten, Parmesan und Cranberrydressing","","Adlershof","2017-09-15 00:00:00"
"Soup","Esswirtschaft","Thailändische gelbe Currysuppe mit Geflügelstreifen","","Adlershof","2017-09-11 00:00:00"
"Soup","Esswirtschaft","Thailändische gelbe Currysuppe mit Geflügelstreifen","","Adlershof","2017-09-12 00:00:00"
"Soup","Esswirtschaft","Thailändische gelbe Currysuppe mit Geflügelstreifen","","Adlershof","2017-09-13 00:00:00"
"Soup","Esswirtschaft","Thailändische gelbe Currysuppe mit Geflügelstreifen","","Adlershof","2017-09-14 00:00:00"
"Soup","Esswirtschaft","Thailändische gelbe Currysuppe mit Geflügelstreifen","","Adlershof","2017-09-15 00:00:00"
"","Esswirtschaft","Südamerikanisches Erdnuss-Mangosüppchen","","Adlershof","2017-09-11 00:00:00"
"","Esswirtschaft","Südamerikanisches Erdnuss-Mangosüppchen","","Adlershof","2017-09-12 00:00:00"
"","Esswirtschaft","Südamerikanisches Erdnuss-Mangosüppchen","","Adlershof","2017-09-13 00:00:00"
"","Esswirtschaft","Südamerikanisches Erdnuss-Mangosüppchen","","Adlershof","2017-09-14 00:00:00"
"","Esswirtschaft","Südamerikanisches Erdnuss-Mangosüppchen","","Adlershof","2017-09-15 00:00:00"
"Vegan;Vegetarian","Esswirtschaft","Veganes rotes Curry mit schwarzen Linsen","","Adlershof","2017-09-11 00:00:00"
"Vegan;Vegetarian","Esswirtschaft","Veganes rotes Curry mit schwarzen Linsen","","Adlershof","2017-09-12 00:00:00"
"Vegan;Vegetarian","Esswirtschaft","Veganes rotes Curry mit schwarzen Linsen","","Adlershof","2017-09-13 00:00:00"
"Vegan;Vegetarian","Esswirtschaft","Veganes rotes Curry mit schwarzen Linsen","","Adlershof","2017-09-14 00:00:00"
"Vegan;Vegetarian","Esswirtschaft","Veganes rotes Curry mit schwarzen Linsen","","Adlershof","2017-09-15 00:00:00"
"","Esswirtschaft","Tandoori Huhn mit Erdnuss, Kreuzkümmel dazu Basmatireis","","Adlershof","2017-09-11 00:00:00"
"Vegetarian","Esswirtschaft","Gemüseragout mit Champignons und Erbsen, dazu Kräutertaschen","","Adlershof","2017-09-11 00:00:00"
"ingredients","business","dish","price","location","date"
"Bio","Jouis Nour","Puten-Tagliatelle mit Limettensauce und buntem Sommersalat","7.5","Adlershof","2017-07-14 00:00:00"
"Vegetarian;Bio","Jouis Nour","Gemüse-Paella á la Jouis Nour mit frischem Gemüse und Joghurt-Dip","5.9","Adlershof","2017-07-14 00:00:00"
"Vegetarian;Soup;Bio","Jouis Nour","Zucchinicremesuppe mit gerösteten Haferflocken","4.5","Adlershof","2017-07-14 00:00:00"
"Bio","Jouis Nour","Gebratene Hähnchenkeule mit Backkartoffeln an Knackigem Krautsalat und Salsa-Dip","7.5","Adlershof","2017-07-17 00:00:00"
"Vegetarian;Bio","Jouis Nour","Buntes Spirelli-Brokkoli-Gratin mit Grünkern und Tomatensauce","5.9","Adlershof","2017-07-17 00:00:00"
"Vegetarian;Soup;Bio","Jouis Nour","Zucchinicremesuppe mit gerösteten Haferflocken","4.5","Adlershof","2017-07-17 00:00:00"
"Bio","Jouis Nour","Griechischer Hackfleisch-Auflauf mit Bohnen und Fetakäse an Kräauterquark","7.5","Adlershof","2017-07-18 00:00:00"
"Vegan;Vegetarian;Bio","Jouis Nour","Gemüse-Quinoa-Pfanne mit Naturreis und einer leichten Curry-Sauce","5.9","Adlershof","2017-07-18 00:00:00"
"Vegetarian;Soup;Bio","Jouis Nour","Toskanische Zuppa del Contadino (Bauersuppe) m. Dinkel u. geriebene Käse","4","Adlershof","2017-07-18 00:00:00"
"Bio","Jouis Nour","Rinder-Rahmgeschnetzeltes mit Kartoffelpüree und Champignons","7.5","Adlershof","2017-07-19 00:00:00"
"Vegetarian;Bio","Jouis Nour","Spagetthi mit Oliven, Peperoni, Käse und frischen Kräutern, dazu Salat","5.5","Adlershof","2017-07-19 00:00:00"
"Vegan;Vegetarian;Bio","Jouis Nour","Grüner Bohnen-Eintopf mit Sonnenblumenkernen","4.5","Adlershof","2017-07-19 00:00:00"
"Fish","Jouis Nour","Seelachs mit Rahmlinsen, bunten Reis und grüner Salat","7.9","Adlershof","2017-07-20 00:00:00"
"Vegetarian;Bio","Jouis Nour","Kartoffel-Pfifferlingsauflauf mit Lauchstreifen und Kräaterkruste","5.9","Adlershof","2017-07-20 00:00:00"
"Vegetarian;Soup;Bio","Jouis Nour","Kohlrabicreme-Suppe mit Schnittlauch","4","Adlershof","2017-07-20 00:00:00"
"Bio","Jouis Nour","Klopse “Königsberger Art” mit Rote Beete und Kartoffelpüree","7","Adlershof","2017-07-21 00:00:00"
"Vegetarian;Bio","Jouis Nour","Bunte Gemüse-Schupfnudeln-Pfanne mit Pesto","5.5","Adlershof","2017-07-21 00:00:00"
"Vegan;Vegetarian;Bio","Jouis Nour","Blumenkohl-Süppchen mit gerösteten Haferflocken","4","Adlershof","2017-07-21 00:00:00"
"Bio","Jouis Nour","Schaschlik-Spieß mit ungarische, Letscho und Reis","7.5","Adlershof","2017-07-24 00:00:00"
"Vegetarian;Bio","Jouis Nour","Gebackene Rosmarin-Ofenkartoffeln mit Ratatouille-Gemüse und Paprika Schmand","5.9","Adlershof","2017-07-24 00:00:00"
"Vegan;Vegetarian;Soup;Bio","Jouis Nour","Paprika-Mais Suppe mit Sonnenblumenkerne","4","Adlershof","2017-07-24 00:00:00"
"Bio","Jouis Nour","Bratwurst auf Weinsauerkraut mit Petersilienkartoffeln und Kräutersenfsauce","7","Adlershof","2017-07-25 00:00:00"
"Vegetarian;Bio","Jouis Nour","Indische Gemüsepfanne mit Kichererbsenpüre und Joguhrt-Minz-Dip","5.9","Adlershof","2017-07-25 00:00:00"
"Vegetarian;Soup;Bio","Jouis Nour","Champignon-Cremesuppe mit frischen Kräutern","4","Adlershof","2017-07-25 00:00:00"
"Bio","Jouis Nour","Hausgemachtes Leber-Ragout mit Apfel an Kartoffelpüree und gerösteten Zwiebeln","7.5","Adlershof","2017-07-26 00:00:00"
"Vegetarian;Bio","Jouis Nour","Bandnudeln an Pfifferlingsrahm und Krischtomaten","5.9","Adlershof","2017-07-26 00:00:00"
"Vegetarian;Soup;Bio","Jouis Nour","Berliner Kartoffelsuppe mit Kräuterschmand","4","Adlershof","2017-07-26 00:00:00"
"Fish","Jouis Nour","Schollenfilet gedünstet in Dillrahm mit Kartoffeln und Gurkensalat","7.9","Adlershof","2017-07-27 00:00:00"
"Vegetarian;Bio","Jouis Nour","Mediterrane Gemüse-Lasagne mit einem Kräuter-Dip","5.9","Adlershof","2017-07-27 00:00:00"
"Vegetarian;Soup;Bio","Jouis Nour","Tomatencremesuppe mit Käse-Croutons","4","Adlershof","2017-07-27 00:00:00"
"Bio","Jouis Nour","Brandenburger Schmorkohl mit Hackfleisch und Petersilienkartoffeln","7.5","Adlershof","2017-07-28 00:00:00"
"ingredients","business","dish","price","location","date"
"","Cafe Campus","Tomate Mozzarella Quiche","4.90","Adlershof","2017-09-11 00:00:00"
"","Cafe Campus","Tomate Mozzarella Quiche","4.90","Adlershof","2017-09-12 00:00:00"
"","Cafe Campus","Tomate Mozzarella Quiche","4.90","Adlershof","2017-09-13 00:00:00"
"","Cafe Campus","Tomate Mozzarella Quiche","4.90","Adlershof","2017-09-14 00:00:00"
"","Cafe Campus","Tomate Mozzarella Quiche","4.90","Adlershof","2017-09-15 00:00:00"
"Fish","Cafe Campus","Knackiger Salat mit gebratenem Lachsfilet","7.90","Adlershof","2017-09-11 00:00:00"
"Fish","Cafe Campus","Knackiger Salat mit gebratenem Lachsfilet","7.90","Adlershof","2017-09-12 00:00:00"
"Fish","Cafe Campus","Knackiger Salat mit gebratenem Lachsfilet","7.90","Adlershof","2017-09-13 00:00:00"
"Fish","Cafe Campus","Knackiger Salat mit gebratenem Lachsfilet","7.90","Adlershof","2017-09-14 00:00:00"
"Fish","Cafe Campus","Knackiger Salat mit gebratenem Lachsfilet","7.90","Adlershof","2017-09-15 00:00:00"
"","Cafe Campus","Wurstgulasch mit Nudeln","5.90","Adlershof","2017-09-11 00:00:00"
"","Cafe Campus","Wurstgulasch mit Nudeln","5.90","Adlershof","2017-09-12 00:00:00"
"","Cafe Campus","Wurstgulasch mit Nudeln","5.90","Adlershof","2017-09-13 00:00:00"
"","Cafe Campus","Wurstgulasch mit Nudeln","5.90","Adlershof","2017-09-14 00:00:00"
"","Cafe Campus","Wurstgulasch mit Nudeln","5.90","Adlershof","2017-09-15 00:00:00"
"","Cafe Campus","2 Berliner Currywürste mit Bratkartoffeln","5.90","Adlershof","2017-09-11 00:00:00"
"","Cafe Campus","2 Berliner Currywürste mit Bratkartoffeln","5.90","Adlershof","2017-09-12 00:00:00"
"","Cafe Campus","2 Berliner Currywürste mit Bratkartoffeln","5.90","Adlershof","2017-09-13 00:00:00"
"","Cafe Campus","2 Berliner Currywürste mit Bratkartoffeln","5.90","Adlershof","2017-09-14 00:00:00"
"","Cafe Campus","2 Berliner Currywürste mit Bratkartoffeln","5.90","Adlershof","2017-09-15 00:00:00"
"","Cafe Campus","Gefüllte Paprikaschote mit Reis","6.90","Adlershof","2017-09-11 00:00:00"
"","Cafe Campus","Gefüllte Paprikaschote mit Reis","6.90","Adlershof","2017-09-12 00:00:00"
"","Cafe Campus","Gefüllte Paprikaschote mit Reis","6.90","Adlershof","2017-09-13 00:00:00"
"","Cafe Campus","Gefüllte Paprikaschote mit Reis","6.90","Adlershof","2017-09-14 00:00:00"
"","Cafe Campus","Gefüllte Paprikaschote mit Reis","6.90","Adlershof","2017-09-15 00:00:00"
"ingredients","business","dish","price","location","date"
"Vegetarian;Soup","Albert","Schwarzwurzelcremesuppe mit Kresse","3.90","Adlershof","2017-09-11 00:00:00"
"Vegetarian","Albert","Penne „Arrabiata“ mit Parmesan & Rucola","5.00","Adlershof","2017-09-11 00:00:00"
"","Albert","Tandoori- Chicken mit Wokgemüse & Korianderreis","5.80","Adlershof","2017-09-11 00:00:00"
"","Albert","Thailändische Tom Kha Gai","4.00","Adlershof","2017-09-12 00:00:00"
"Vegetarian","Albert","Überbackene Kraut - Schupfnudeln","5.00","Adlershof","2017-09-12 00:00:00"
"","Albert","Königsberger Klopse mit Erbsen-Karottengemüse & Reis oder Salzkartoffeln","5.80","Adlershof","2017-09-12 00:00:00"
"Soup","Albert","Spitzkohlcremesuppe mit Schinkenstreifen","3.90","Adlershof","2017-09-13 00:00:00"
"Vegetarian","Albert","Spaghetti mit Orangen-Fenchel & Granatapfelkernen","5.00","Adlershof","2017-09-13 00:00:00"
"","Albert","Cordon Bleu mit Buttererbsen & Kartoffelpüree","5.80","Adlershof","2017-09-13 00:00:00"
"","Albert","Weiße Bohneneintopf mit","3.90","Adlershof","2017-09-14 00:00:00"
"Vegetarian","Albert","Gnocchis mit Kürbis, Ziegenkäsesauce & Thymian","5.00","Adlershof","2017-09-14 00:00:00"
"","Albert","Rinderbraten mit Burgundersauce, Speckbohnen & Böhmischen Knödeln","6.10","Adlershof","2017-09-14 00:00:00"
"Vegetarian;Soup","Albert","Tomatensuppe mit Knoblauchcroutons und Basilikum","3.90","Adlershof","2017-09-15 00:00:00"
"Vegetarian","Albert","Kartoffel-Gemüse-Tortilla mit Lollo Rosso & Kräuterdressing","5.00","Adlershof","2017-09-15 00:00:00"
"","Albert","Kohlroulade gefüllt mit Hackfleisch, dazu Salzkartoffeln","5.80","Adlershof","2017-09-15 00:00:00"
"Flammkuchen","Albert","Flammkuchen: „Herbstgeflüster“ mit Schmand, Kürbis, Chorizo & Schafskäse","7.00","Adlershof","2017-09-11 00:00:00"
"Flammkuchen","Albert","Flammkuchen: „Herbstgeflüster“ mit Schmand, Kürbis, Chorizo & Schafskäse","7.00","Adlershof","2017-09-12 00:00:00"
"Flammkuchen","Albert","Flammkuchen: „Herbstgeflüster“ mit Schmand, Kürbis, Chorizo & Schafskäse","7.00","Adlershof","2017-09-13 00:00:00"
"Flammkuchen","Albert","Flammkuchen: „Herbstgeflüster“ mit Schmand, Kürbis, Chorizo & Schafskäse","7.00","Adlershof","2017-09-14 00:00:00"
"Flammkuchen","Albert","Flammkuchen: „Herbstgeflüster“ mit Schmand, Kürbis, Chorizo & Schafskäse","7.00","Adlershof","2017-09-15 00:00:00"
"Flammkuchen","Albert","Flammkuchen: Klassisch mit Speck & Zwiebeln","5.50","Adlershof","2017-09-11 00:00:00"
"Flammkuchen","Albert","Flammkuchen: Klassisch mit Speck & Zwiebeln","5.50","Adlershof","2017-09-12 00:00:00"
"Flammkuchen","Albert","Flammkuchen: Klassisch mit Speck & Zwiebeln","5.50","Adlershof","2017-09-13 00:00:00"
"Flammkuchen","Albert","Flammkuchen: Klassisch mit Speck & Zwiebeln","5.50","Adlershof","2017-09-14 00:00:00"
"Flammkuchen","Albert","Flammkuchen: Klassisch mit Speck & Zwiebeln","5.50","Adlershof","2017-09-15 00:00:00"
"Flammkuchen","Albert","Flammkuchen: Mozzarella, Tomate & frischer Basilikum","5.50","Adlershof","2017-09-11 00:00:00"
"Flammkuchen","Albert","Flammkuchen: Mozzarella, Tomate & frischer Basilikum","5.50","Adlershof","2017-09-12 00:00:00"
"Flammkuchen","Albert","Flammkuchen: Mozzarella, Tomate & frischer Basilikum","5.50","Adlershof","2017-09-13 00:00:00"
"Flammkuchen","Albert","Flammkuchen: Mozzarella, Tomate & frischer Basilikum","5.50","Adlershof","2017-09-14 00:00:00"
"Flammkuchen","Albert","Flammkuchen: Mozzarella, Tomate & frischer Basilikum","5.50","Adlershof","2017-09-15 00:00:00"
"Flammkuchen","Albert","Flammkuchen: Rucola, Serranoschinken & Parmesan","6.00","Adlershof","2017-09-11 00:00:00"
"Flammkuchen","Albert","Flammkuchen: Rucola, Serranoschinken & Parmesan","6.00","Adlershof","2017-09-12 00:00:00"
"Flammkuchen","Albert","Flammkuchen: Rucola, Serranoschinken & Parmesan","6.00","Adlershof","2017-09-13 00:00:00"
"Flammkuchen","Albert","Flammkuchen: Rucola, Serranoschinken & Parmesan","6.00","Adlershof","2017-09-14 00:00:00"
"ingredients","business","dish","price","location","date"
"Soup","Sonnenschein","Kartoffel-Möhrensuppe mit Hack Klose a la Greque & Brötchen","4.00","Adlershof","2017-09-11 00:00:00"
"","Sonnenschein","Mit Rinder gehacktem gefüllte Paprika, Butterkartoffel, Erbsen, Del.sauce","6.00","Adlershof","2017-09-11 00:00:00"
"","Sonnenschein","„Falsche Hase“, Reispilaw, Brokkoli Röschen, Anjarsauce","6.00","Adlershof","2017-09-11 00:00:00"
"","Sonnenschein","Hähnchen Cordon Bleu, Nudeln, Anjarsauce","6.00","Adlershof","2017-09-11 00:00:00"
"Vegetarian","Sonnenschein","Lasagne a la Mexicana, cremige Tomatensauce, Salat (vegetarisch)","5.00","Adlershof","2017-09-11 00:00:00"
"Vegetarian","Sonnenschein","Kartoffeln-Brokkoli-Auflauf, Sauce, Salat (vegetarisch)","5.00","Adlershof","2017-09-11 00:00:00"
"Soup","Sonnenschein","Kürbiscremesuppe mit Hähnchenfilet & 1 Brötchen","4.00","Adlershof","2017-09-12 00:00:00"
"","Sonnenschein","Rinderroulade, Apfelrotkohl, Butterkartoffel, Del.sauce","6.00","Adlershof","2017-09-12 00:00:00"
"","Sonnenschein","„Wrap“, Sauce Bolognese, Salat","6.00","Adlershof","2017-09-12 00:00:00"
"","Sonnenschein","Hähnchenbrust „Pomodoro“ Bratkartoffeln, Champignonrahmsauce","6.00","Adlershof","2017-09-12 00:00:00"
"Vegetarian","Sonnenschein","Moussaka „Griechische Art“ Salat, cremige Tomatensauce (vegetarisch)","5.50","Adlershof","2017-09-12 00:00:00"
"Vegetarian","Sonnenschein","Nudeln mit frische Champignon & Cherry Tomaten in Käsesauce (vegetarisch)","5.00","Adlershof","2017-09-12 00:00:00"
"","Sonnenschein","Mexikanischer-Paprika-Cilly-Topf & 1 Brötchen","4.00","Adlershof","2017-09-13 00:00:00"
"","Sonnenschein","Lasagne Bolognese mit Rindergehacktem, cremige Tomatensauce, Salat","6.00","Adlershof","2017-09-13 00:00:00"
"","Sonnenschein","Moussaka mit Schweinegehacktem „Griechische Art“, Tomatensauce, Salat","6.00","Adlershof","2017-09-13 00:00:00"
"","Sonnenschein","Saltimbocca (Hühnerbrust), Bratkartoffeln, Möhrengemüse, Käsesauce","6.00","Adlershof","2017-09-13 00:00:00"
"Vegetarian","Sonnenschein","Rahmspinat, Butterkartoffeln, 2 Spiegeleier (vegetarisch)","5.00","Adlershof","2017-09-13 00:00:00"
"Vegetarian","Sonnenschein","Panierte Goudaschnitte, Butterkartoffeln, Käsesauce (vegetarisch)","5.00","Adlershof","2017-09-13 00:00:00"
"Soup","Sonnenschein","Fernöstliche Geflügelsuppe & 1 Brötchen","4.00","Adlershof","2017-09-14 00:00:00"
"Fish","Sonnenschein","Lachsschnitte auf Rahmblattspinat, Butterkartoffeln","6.80","Adlershof","2017-09-14 00:00:00"
"","Sonnenschein","Schweine Cordon Bleu, Bratkartoffeln, Champignonrahmsauce","6.00","Adlershof","2017-09-14 00:00:00"
"","Sonnenschein","- Hühnerbruststreifen mit Gemüse in Kokos-Mango-Currysauce, Reis","6.00","Adlershof","2017-09-14 00:00:00"
"Vegetarian","Sonnenschein","Kartoffel-Zucchini-Rösti, Salat, Kräuterrahmsauce (vegetarisch)","5.00","Adlershof","2017-09-14 00:00:00"
"Vegetarian","Sonnenschein","Falafel mit Petersilien-Tomatensalat, Joghurt (vegetarisch)","5.00","Adlershof","2017-09-14 00:00:00"
"Soup","Sonnenschein","Linsensuppe mit Kasseler Würfeln & 1 Brötchen","4.00","Adlershof","2017-09-15 00:00:00"
"","Sonnenschein","Rinderhackschnitten zu grüne Bohnen, Butterkartoffeln, Del.sauce","6.00","Adlershof","2017-09-15 00:00:00"
"","Sonnenschein","Tagliatelle mit Hähnchenbrust in Zitronensauce","6.00","Adlershof","2017-09-15 00:00:00"
"","Sonnenschein","Riesige Currywurst, Bratkartoffeln, Salat","5.90","Adlershof","2017-09-15 00:00:00"
"Vegetarian","Sonnenschein","Gemüse „Ghiveci“, Reis (vegetarisch)","5.00","Adlershof","2017-09-15 00:00:00"
"","La Petite","ChickenBurger mit saftigem KrispyChicken vom Grill, hausgemachter Majonäse, knackigem Salat, Tomaten und Zwiebeln, Käse und Gewürzgurken + American Krautsalat","6,60","Adlershof","2017-09-15 00:00:00"
"","La Petite","TVBurger mit saftigem Beef vom Grill, hausgemachter Burgersauce, knackigem Salat, Tomaten und Zwiebeln, Käse und Gewürzgurken + American Krautsalat","6,60","Adlershof","2017-09-11 00:00:00"
"","La Petite","TVBurger mit saftigem Beef vom Grill, hausgemachter Burgersauce, knackigem Salat, Tomaten und Zwiebeln, Käse und Gewürzgurken + American Krautsalat","6,60","Adlershof","2017-09-12 00:00:00"
"","La Petite","TVBurger mit saftigem Beef vom Grill, hausgemachter Burgersauce, knackigem Salat, Tomaten und Zwiebeln, Käse und Gewürzgurken + American Krautsalat","6,60","Adlershof","2017-09-13 00:00:00"
"","La Petite","TVBurger mit saftigem Beef vom Grill, hausgemachter Burgersauce, knackigem Salat, Tomaten und Zwiebeln, Käse und Gewürzgurken + American Krautsalat","6,60","Adlershof","2017-09-14 00:00:00"
"","La Petite","TVBurger mit saftigem Beef vom Grill, hausgemachter Burgersauce, knackigem Salat, Tomaten und Zwiebeln, Käse und Gewürzgurken + American Krautsalat","6,60","Adlershof","2017-09-15 00:00:00"
"","La Petite","VeggieFitness Burger mit frisch gegrilltem Gemüsepatty aus sonnengereiften Gemüse, fruchtig frischer Mangosauce, Tomaten, Zwiebeln, knackiger Salat und Gewürzgurken + American Krautsalat","6,30","Adlershof","2017-09-11 00:00:00"
"","La Petite","VeggieFitness Burger mit frisch gegrilltem Gemüsepatty aus sonnengereiften Gemüse, fruchtig frischer Mangosauce, Tomaten, Zwiebeln, knackiger Salat und Gewürzgurken + American Krautsalat","6,30","Adlershof","2017-09-12 00:00:00"
"","La Petite","VeggieFitness Burger mit frisch gegrilltem Gemüsepatty aus sonnengereiften Gemüse, fruchtig frischer Mangosauce, Tomaten, Zwiebeln, knackiger Salat und Gewürzgurken + American Krautsalat","6,30","Adlershof","2017-09-13 00:00:00"
"","La Petite","VeggieFitness Burger mit frisch gegrilltem Gemüsepatty aus sonnengereiften Gemüse, fruchtig frischer Mangosauce, Tomaten, Zwiebeln, knackiger Salat und Gewürzgurken + American Krautsalat","6,30","Adlershof","2017-09-14 00:00:00"
"","La Petite","VeggieFitness Burger mit frisch gegrilltem Gemüsepatty aus sonnengereiften Gemüse, fruchtig frischer Mangosauce, Tomaten, Zwiebeln, knackiger Salat und Gewürzgurken + American Krautsalat","6,30","Adlershof","2017-09-15 00:00:00"
"","Suppencult","Spinatsalat mit Hirtenkäse, Feldsalat, Kartoffeln, Lauchzwiebeln, Weintrauben und einem hausgemachten Senfdressing, auf Wunsch mit Hähnchenbrustfilet","5,40/5,80","Alexanderplatz","2017-09-14 00:00:00"
"","Suppencult","Spinatsalat mit Hirtenkäse, Feldsalat, Kartoffeln, Lauchzwiebeln, Weintrauben und einem hausgemachten Senfdressing, auf Wunsch mit Hähnchenbrustfilet","5,40/5,80","Alexanderplatz","2017-09-15 00:00:00"
"","Suppencult","Frische Salatvariation mit Hirtenkäse, Rucola, Gurken, verschiedenen Sprossen, Strauchtomaten, Radieschen, Sonnenblumenkernen und einem hausgemachten Balsamicodressing, auf Wunsch mit Hähnchenbrustfilet","5,40/5,80","Alexanderplatz","2017-09-11 00:00:00"
"","Suppencult","Frische Salatvariation mit Hirtenkäse, Rucola, Gurken, verschiedenen Sprossen, Strauchtomaten, Radieschen, Sonnenblumenkernen und einem hausgemachten Balsamicodressing, auf Wunsch mit Hähnchenbrustfilet","5,40/5,80","Alexanderplatz","2017-09-12 00:00:00"
"","Suppencult","Frische Salatvariation mit Hirtenkäse, Rucola, Gurken, verschiedenen Sprossen, Strauchtomaten, Radieschen, Sonnenblumenkernen und einem hausgemachten Balsamicodressing, auf Wunsch mit Hähnchenbrustfilet","5,40/5,80","Alexanderplatz","2017-09-13 00:00:00"
"","Suppencult","Frische Salatvariation mit Hirtenkäse, Rucola, Gurken, verschiedenen Sprossen, Strauchtomaten, Radieschen, Sonnenblumenkernen und einem hausgemachten Balsamicodressing, auf Wunsch mit Hähnchenbrustfilet","5,40/5,80","Alexanderplatz","2017-09-14 00:00:00"
"","Suppencult","Frische Salatvariation mit Hirtenkäse, Rucola, Gurken, verschiedenen Sprossen, Strauchtomaten, Radieschen, Sonnenblumenkernen und einem hausgemachten Balsamicodressing, auf Wunsch mit Hähnchenbrustfilet","5,40/5,80","Alexanderplatz","2017-09-15 00:00:00"
"Soup","Suppencult","Griechische weiße Bohnen Suppe mit Möhren, Zucchini, Tomaten, Artischocken, Minze, Crème fraiche und frischer Petersilie","4,30","Alexanderplatz","2017-09-11 00:00:00"
"Soup","Suppencult","Griechische weiße Bohnen Suppe mit Möhren, Zucchini, Tomaten, Artischocken, Minze, Crème fraiche und frischer Petersilie","4,30","Alexanderplatz","2017-09-12 00:00:00"
"Soup","Suppencult","Griechische weiße Bohnen Suppe mit Möhren, Zucchini, Tomaten, Artischocken, Minze, Crème fraiche und frischer Petersilie","4,30","Alexanderplatz","2017-09-13 00:00:00"
"Soup","Suppencult","Griechische weiße Bohnen Suppe mit Möhren, Zucchini, Tomaten, Artischocken, Minze, Crème fraiche und frischer Petersilie","4,30","Alexanderplatz","2017-09-14 00:00:00"
"Soup","Suppencult","Griechische weiße Bohnen Suppe mit Möhren, Zucchini, Tomaten, Artischocken, Minze, Crème fraiche und frischer Petersilie","4,30","Alexanderplatz","2017-09-15 00:00:00"
"Vegetarian;Soup","Suppencult","Vegetarische Linsensuppe mit braunen Linsen, Kartoffeln, Blumenkohl, Kohlrabi, Möhren, Ingwer, Curcuma, Crème fraiche und frischer Petersilie","4,30","Alexanderplatz","2017-09-11 00:00:00"
"Vegetarian;Soup","Suppencult","Vegetarische Linsensuppe mit braunen Linsen, Kartoffeln, Blumenkohl, Kohlrabi, Möhren, Ingwer, Curcuma, Crème fraiche und frischer Petersilie","4,30","Alexanderplatz","2017-09-12 00:00:00"
"Vegetarian;Soup","Suppencult","Vegetarische Linsensuppe mit braunen Linsen, Kartoffeln, Blumenkohl, Kohlrabi, Möhren, Ingwer, Curcuma, Crème fraiche und frischer Petersilie","4,30","Alexanderplatz","2017-09-13 00:00:00"
"Vegetarian;Soup","Suppencult","Vegetarische Linsensuppe mit braunen Linsen, Kartoffeln, Blumenkohl, Kohlrabi, Möhren, Ingwer, Curcuma, Crème fraiche und frischer Petersilie","4,30","Alexanderplatz","2017-09-14 00:00:00"
"Vegetarian;Soup","Suppencult","Vegetarische Linsensuppe mit braunen Linsen, Kartoffeln, Blumenkohl, Kohlrabi, Möhren, Ingwer, Curcuma, Crème fraiche und frischer Petersilie","4,30","Alexanderplatz","2017-09-15 00:00:00"
"","Suppencult","Rote Bete - Ingwercrème mit Sahne und frischem Schnittlauch","4,40","Alexanderplatz","2017-09-11 00:00:00"
"","Esswirtschaft","Berliner Boulette mit Mischgemüse und Kartoffeln","","Adlershof","2017-09-12 00:00:00"
"Vegetarian","Esswirtschaft","Kokos-Erdnuss Curry mit Minze, dazu Basmatireis","","Adlershof","2017-09-12 00:00:00"
"","Esswirtschaft","Indonesische  Hähnchen-Nudel-Pfanne","","Adlershof","2017-09-13 00:00:00"
"Vegetarian","Esswirtschaft","Rote Zwiebel-Kartoffel-Tortilla mit Kräutersalat und rohe Tomatensauce","","Adlershof","2017-09-13 00:00:00"
"","Esswirtschaft","Asiatisches Hähnchengeschnetzeltes mit Apfel-Lauch","","Adlershof","2017-09-14 00:00:00"
"Vegetarian","Esswirtschaft","Gnocchi di Patate mit Pilzrahmsoße und Parmesan","","Adlershof","2017-09-14 00:00:00"
"Fish","Esswirtschaft","Lachs im Cajun-Gewürzmantel mit  Kräuter-Schmand , dazu Kartoffel-Gurkensalat","","Adlershof","2017-09-15 00:00:00"
"Vegan;Vegetarian","Esswirtschaft","Gebratene Nudeln mit Tofu und Sesam","","Adlershof","2017-09-15 00:00:00"
"Flammkuchen","Albert","Flammkuchen: Rucola, Serranoschinken & Parmesan","6.00","Adlershof","2017-09-15 00:00:00"
"Flammkuchen;Fish","Albert","Flammkuchen: Thunfisch & Zwiebeln","6.00","Adlershof","2017-09-11 00:00:00"
"Flammkuchen;Fish","Albert","Flammkuchen: Thunfisch & Zwiebeln","6.00","Adlershof","2017-09-12 00:00:00"
"Flammkuchen;Fish","Albert","Flammkuchen: Thunfisch & Zwiebeln","6.00","Adlershof","2017-09-13 00:00:00"
"Flammkuchen;Fish","Albert","Flammkuchen: Thunfisch & Zwiebeln","6.00","Adlershof","2017-09-14 00:00:00"
"Flammkuchen;Fish","Albert","Flammkuchen: Thunfisch & Zwiebeln","6.00","Adlershof","2017-09-15 00:00:00"
"Vegan;Vegetarian;Bio","Jouis Nour","Farfalle mit Tomaten-Oliven-Sauce und frischen Kräutern","6","Adlershof","2017-07-28 00:00:00"
"Vegetarian;Bio","Jouis Nour","Lauch-Rahmsüppchen mit Karotttenraspeln","4","Adlershof","2017-07-28 00:00:00"
"Bio","Jouis Nour","Schnitzel mit Pfifferlings-Waldpilz-Rahmsauce, Kartoffelstampf und Tomatensalat","7.5","Adlershof","2017-07-31 00:00:00"
"Vegan;Vegetarian;Bio","Jouis Nour","Spaghettimit Gemüsebolognese und Sonnenblumenkernen","5.5","Adlershof","2017-07-31 00:00:00"
"Vegan;Vegetarian;Bio","Jouis Nour","Feuriger Paprikatopf mit Tofustückchen","4.5","Adlershof","2017-07-31 00:00:00"
"Soup;Bio","Jouis Nour","Thai-Gemüsesuppe mit Kokosmilch und Hähnchen","4.5","Adlershof","2017-08-01 00:00:00"
"Bio","Jouis Nour","Tafelspitz mit Meerrettichsauce und Fingermöhren an Salzkartoffeln","7.5","Adlershof","2017-08-01 00:00:00"
"Vegetarian;Bio","Jouis Nour","Griechischer Spinatauflauf mit Tzatziki und geröstetem Sesam","5.9","Adlershof","2017-08-01 00:00:00"
"Vegetarian;Soup;Bio","Jouis Nour","Spinatcremesuppe mit Tomatenwürfeln","4","Adlershof","2017-08-02 00:00:00"
"Bio","Jouis Nour","Pikanter Gulasch vom Schwein mit Waldpilzen und Salzkartoffeln","7.5","Adlershof","2017-08-02 00:00:00"
"Vegetarian;Bio","Jouis Nour","Pasta mit Gorgonzolasauce, Rucola und Kirschtomaten","5.5","Adlershof","2017-08-02 00:00:00"
"Vegan;Vegetarian;Soup;Bio","Jouis Nour","Rote Linsensuppe mit Paprikastreifen","4","Adlershof","2017-08-03 00:00:00"
"Fish","Jouis Nour","Gebratener Rotbarsch mit Senfsauce, Kartoffeln und Rahmgurken","7.9","Adlershof","2017-08-03 00:00:00"
"Bio","Jouis Nour","Polenta-Porree-Auflauf mit gerösteten Sonnenblumenkernen und Tomaten-Pesto","5.9","Adlershof","2017-08-03 00:00:00"
"Vegetarian;Bio","Jouis Nour","Kaltes Gurkensüppchen mit Tomaten-Kräuter-Pesto","4","Adlershof","2017-08-04 00:00:00"
"Bio","Jouis Nour","Geflügelbällchen mit Paprika-Tomaten-Gemüse und Kartoffelecken","7","Adlershof","2017-08-04 00:00:00"
"Vegetarian;Bio","Jouis Nour","Rahmspinat mit gekochten Eiern an Petersilienkartoffeln","5.5","Adlershof","2017-08-04 00:00:00"
"Vegan;Vegetarian;Soup;Bio","Jouis Nour","Fruchtige Kürbissuppe mit gerösteten Kürbiskernen","4","Adlershof","2017-08-07 00:00:00"
"Bio","Jouis Nour","Rindergeschnetzeltes in pikanter Pfeffersauce mit Langkornreis und frischen Kräutern","7.5","Adlershof","2017-08-07 00:00:00"
"Vegetarian;Bio","Jouis Nour","Bunte Gemüse-Gnocchipfanne an Kräuterrahm","5.9","Adlershof","2017-08-07 00:00:00"
"Vegetarian;Soup;Bio","Jouis Nour","Brokkolisuppe mit Tomatenwürfel und Sonnenblumenkernen","4","Adlershof","2017-08-08 00:00:00"
"Bio","Jouis Nour","Mini Grillhaxen mit Sellerie-Kartoffelpüree und Malzbiersauce","7.5","Adlershof","2017-08-08 00:00:00"
"Vegetarian;Bio","Jouis Nour","Orientalische Gemüse Cous Cous Pfanne mit Joghurt-Minz-Dip","5.9","Adlershof","2017-08-08 00:00:00"
"Vegan;Vegetarian;Bio","Jouis Nour","Kichererbsensüppchen mit frischen Kräutern","4","Adlershof","2017-08-09 00:00:00"
"Bio","Jouis Nour","Gebratene Hähnchenkeule mit Backkartoffeln, Sour Cream und Cole Slaw","7.5","Adlershof","2017-08-09 00:00:00"
"Vegetarian;Bio","Jouis Nour","Tagliatelle mit Pfifferling-Rahmsauce und Petersilienschmand","5.9","Adlershof","2017-08-09 00:00:00"
"Soup;Bio","Jouis Nour","Fleisch-Soljanka mit saurer Sahne und frischen Kräutern","5","Adlershof","2017-08-10 00:00:00"
"Fish","Jouis Nour","Kabeljau an Currygemüse mit Basmatireis und buntem Blattsalat","7.9","Adlershof","2017-08-10 00:00:00"
"Vegetarian;Bio","Jouis Nour","Spinat-Lasagne mit Frischkäsesauce","5.9","Adlershof","2017-08-10 00:00:00"
"Vegan;Vegetarian;Bio","Jouis Nour","Minestrone mit Knackigen Croutons","4","Adlershof","2017-08-11 00:00:00"
"Bio","Jouis Nour","Boulette nach Balkan Art mit Feta und Peperoni, dazu grüne Bohnen und Kartoffeln","7","Adlershof","2017-08-11 00:00:00"
"Vegetarian;Bio","Jouis Nour","Bulgur Gemüseüfanne mit gepufften Buchweizen und Pestosauce","5.9","Adlershof","2017-08-11 00:00:00"
"","Suppencult","Rote Bete - Ingwercrème mit Sahne und frischem Schnittlauch","4,40","Alexanderplatz","2017-09-12 00:00:00"
"","Suppencult","Rote Bete - Ingwercrème mit Sahne und frischem Schnittlauch","4,40","Alexanderplatz","2017-09-13 00:00:00"
"","Suppencult","Rote Bete - Ingwercrème mit Sahne und frischem Schnittlauch","4,40","Alexanderplatz","2017-09-14 00:00:00"
"","Suppencult","Rote Bete - Ingwercrème mit Sahne und frischem Schnittlauch","4,40","Alexanderplatz","2017-09-15 00:00:00"
"","Suppencult","Brokkoli - Käsecrème mit Croutons und frischem Schnittlauch","4,25","Alexanderplatz","2017-09-11 00:00:00"
"","Suppencult","Brokkoli - Käsecrème mit Croutons und frischem Schnittlauch","4,25","Alexanderplatz","2017-09-12 00:00:00"
"","Suppencult","Brokkoli - Käsecrème mit Croutons und frischem Schnittlauch","4,25","Alexanderplatz","2017-09-13 00:00:00"
"","Suppencult","Brokkoli - Käsecrème mit Croutons und frischem Schnittlauch","4,25","Alexanderplatz","2017-09-14 00:00:00"
"","Suppencult","Brokkoli - Käsecrème mit Croutons und frischem Schnittlauch","4,25","Alexanderplatz","2017-09-15 00:00:00"
"Dessert","Suppencult","Kalter Vollkorngriespudding mit Kirschen oder Apfelmus, Zucker und Zimt","2,50/3,20","Alexanderplatz","2017-09-11 00:00:00"
"Dessert","Suppencult","Kalter Vollkorngriespudding mit Kirschen oder Apfelmus, Zucker und Zimt","2,50/3,20","Alexanderplatz","2017-09-12 00:00:00"
"Dessert","Suppencult","Kalter Vollkorngriespudding mit Kirschen oder Apfelmus, Zucker und Zimt","2,50/3,20","Alexanderplatz","2017-09-13 00:00:00"
"Dessert","Suppencult","Kalter Vollkorngriespudding mit Kirschen oder Apfelmus, Zucker und Zimt","2,50/3,20","Alexanderplatz","2017-09-14 00:00:00"
"Dessert","Suppencult","Kalter Vollkorngriespudding mit Kirschen oder Apfelmus, Zucker und Zimt","2,50/3,20","Alexanderplatz","2017-09-15 00:00:00"
"","Suppencult","Mascarpone Quarkcrème mit Himbeeren","2,50/3,20","Alexanderplatz","2017-09-11 00:00:00"
"","Suppencult","Mascarpone Quarkcrème mit Himbeeren","2,50/3,20","Alexanderplatz","2017-09-12 00:00:00"
"","Suppencult","Mascarpone Quarkcrème mit Himbeeren","2,50/3,20","Alexanderplatz","2017-09-13 00:00:00"
"","Suppencult","Mascarpone Quarkcrème mit Himbeeren","2,50/3,20","Alexanderplatz","2017-09-14 00:00:00"
"","Suppencult","Mascarpone Quarkcrème mit Himbeeren","2,50/3,20","Alexanderplatz","2017-09-15 00:00:00"
"Vegan;Vegetarian;Soup;Bio","Jouis Nour","Süßkartoffelsuppe mit Blattspinat und Tomatenwürfeln","4","Adlershof","2017-08-14 00:00:00"
"Bio","Jouis Nour","Hackfleisch-Kohlpfanne mit Salzkartoffeln","7","Adlershof","2017-08-14 00:00:00"
"Vegetarian;Bio","Jouis Nour","Gemüseteller mit Holländischer Sauce","5.9","Adlershof","2017-08-14 00:00:00"
"Vegetarian;Soup;Bio","Jouis Nour","Tomatensuppe mit Basilikum-Schmand","4","Adlershof","2017-08-15 00:00:00"
"Bio","Jouis Nour","Gefülltes Putensteak mit Brokkoli und Kurkumareis","7.5","Adlershof","2017-08-15 00:00:00"
"Vegetarian;Bio","Jouis Nour","Mediterrane Gemüse-Lasagne mit Buchweizen und Hausgemachtem Kräuterquark","5.9","Adlershof","2017-08-15 00:00:00"
"Vegetarian;Bio","Jouis Nour","Vegetarisches Chili con Soja mit Koriander und Joghurtdip","4.5","Adlershof","2017-08-16 00:00:00"
"Bio","Jouis Nour","Schnitzel Wiener Art mit Blumenkohlrahm und Salzkartoffeln","7.5","Adlershof","2017-08-16 00:00:00"
"Vegetarian;Bio","Jouis Nour","Penne Arabiatta mit Kirschtomaten und Gouda","5.9","Adlershof","2017-08-16 00:00:00"
"Vegetarian;Soup;Bio","Jouis Nour","Feine Erbsen-Kräutercremesuppe mit Karottenstreifen","4","Adlershof","2017-08-17 00:00:00"
"Fish","Jouis Nour","Forelle Müllerin Art mit Wurzelgemüse und Petersilienkartoffeln","","Adlershof","2017-08-17 00:00:00"
"Vegetarian;Bio","Jouis Nour","Waldpilzrisotto mit Parmesanhobel","5.9","Adlershof","2017-08-17 00:00:00"
"Vegetarian;Bio","Jouis Nour","Blumenkohl-Süppchen mit gerösteten Haferflocken","4","Adlershof","2017-08-18 00:00:00"
"Bio","Jouis Nour","Rinderboulette gefüllt mit Fetakäse an Ratatouille und Tomatenreis","7","Adlershof","2017-08-18 00:00:00"
"Vegan;Vegetarian;Bio","Jouis Nour","Linsen-Gemüse-Curry mit Basmatireis und Koriander","5.9","Adlershof","2017-08-18 00:00:00"
"Vegan;Vegetarian;Soup;Bio","Jouis Nour","Zucchinisuppe mit Infwer-Croutons","4","Adlershof","2017-08-21 00:00:00"
"Bio","Jouis Nour","Szegediner Gulasch mit Kartoffeln und Creme Fraiche","7.5","Adlershof","2017-08-21 00:00:00"
"Vegetarian;Bio","Jouis Nour","Tomatisierte Spaghetti mit Spinat, gerösteten Nüssen und geriebenem Käse","5.5","Adlershof","2017-08-21 00:00:00"
"Vegetarian;Soup;Bio","Jouis Nour","Beluga-Linsensuppe mit Zitronenjoghurt-Dip","4","Adlershof","2017-08-22 00:00:00"
"Bio","Jouis Nour","Falscher Hase mit Möhren auf Kartoffelpüree mit Dill-Joghurt-Dip","7","Adlershof","2017-08-22 00:00:00"
"Vegan;Vegetarian;Bio","Jouis Nour","Gemüse-Grünkern-Pfanne mit Naturreis und einer leichten Nuss-Sauce","5.9","Adlershof","2017-08-22 00:00:00"
"Bio","Jouis Nour","Klare Rinderbrühe mit Fadennudeln","4","Adlershof","2017-08-23 00:00:00"
"Bio","Jouis Nour","Putenschnitzel mit Pfifferlingsauce und Rosmarinkartoffeln","7.5","Adlershof","2017-08-23 00:00:00"
"Vegetarian;Bio","Jouis Nour","Schupfnudelpfanne mit Basilikumpesto und Marktgemüse","5.9","Adlershof","2017-08-23 00:00:00"
"Vegetarian;Soup;Bio","Jouis Nour","Cremige Rucola-Käsesuppe mit Chili-Croutons","4","Adlershof","2017-08-24 00:00:00"
"Fish","Jouis Nour","Gebratener Seelachs auf Mangold-Zucchinigemüse mit gebackenen Süßkartoffeln und Currysauce","7.9","Adlershof","2017-08-24 00:00:00"
"Vegetarian;Bio","Jouis Nour","Feuriger Couscous mit marokkanischem Gemüsetopf und Ingwer-Zimt-Dip","5.9","Adlershof","2017-08-24 00:00:00"
"Vegetarian;Soup;Bio","Jouis Nour","Sellerie-Cremesuppe mit Kräutern","4","Adlershof","2017-08-25 00:00:00"
"Bio","Jouis Nour","Rinderstreifen nach Stroganoff Art mit Salzkartoffeln","7.5","Adlershof","2017-08-25 00:00:00"
"Vegan;Vegetarian;Bio","Jouis Nour","Blumenkohl-Amaranth-Pfanne an Tomatensauce","5.9","Adlershof","2017-08-25 00:00:00"
"Vegetarian;Soup;Bio","Jouis Nour","Indische Möhrensuppe mit Orangen-Joghurt","4","Adlershof","2017-08-28 00:00:00"
"Bio","Jouis Nour","Puten-Gyros mit Tomaten-Paprikasauce und Vollkornreis","7.5","Adlershof","2017-08-28 00:00:00"
"Vegetarian;Bio","Jouis Nour","Gemüse-Kichererbsenpfanne und Joghurt-Dip","5.9","Adlershof","2017-08-28 00:00:00"
"Vegetarian;Soup;Bio","Jouis Nour","Kartoffel-Frischkäsesuppe mit frischem Dill","4","Adlershof","2017-08-29 00:00:00"
"Bio","Jouis Nour","Berliner Jägerschnitzel mit Tomatensauce und Spirelli","6.5","Adlershof","2017-08-29 00:00:00"
"Vegetarian;Bio","Jouis Nour","Getreide-Gemüse-Taler mit Sesamsauce und buntem Salat","5.9","Adlershof","2017-08-29 00:00:00"
"Vegetarian;Soup;Bio","Jouis Nour","Kürbis-Cremesuppe mit Orangen und Ingwer dazu Sesam","4","Adlershof","2017-08-30 00:00:00"
"Bio","Jouis Nour","Cordon Bleu vom Schwein mit Brokkoli und Kartoffelstampf","7.5","Adlershof","2017-08-30 00:00:00"
"Vegetarian;Bio","Jouis Nour","Farfalle mit Pilz-Ragout und Cherrytomaten dazu geriebenen Käse","5.9","Adlershof","2017-08-30 00:00:00"
"Soup;Bio","Jouis Nour","Berliner Erbsensuppe mit Wiener Würstchen","4.5","Adlershof","2017-08-31 00:00:00"
"Fish","Jouis Nour","Gebratenes Zanderfilet auf Karotten-Lauch-Rahm und Kräuterreis","7.9","Adlershof","2017-08-31 00:00:00"
"Vegetarian;Bio","Jouis Nour","Vollkorn-Spaghetti mit Pesto und Tomatenwürfeln","5.5","Adlershof","2017-08-31 00:00:00"
"Vegetarian","FOOD","Leckerer Rucola-Salat mit Champignon, Parmaschinken und Parmesan","5","Adlershof","2017-07-17 00:00:00"
"","FOOD","Pasta der Woche: Spätzle mit Käse, Cherrytomaten und Bacon","6","Adlershof","2017-07-17 00:00:00"
"Fish","FOOD","Das „Mr. Tentacles“- Sandwich mit Oktopus, Karottenpüree, Sellerie und Dill","7","Adlershof","2017-07-17 00:00:00"
"Vegetarian","FOOD","Leckerer Rucola-Salat mit Champignon, Parmaschinken und Parmesan","5","Adlershof","2017-07-18 00:00:00"
"","FOOD","Pasta der Woche: Spätzle mit Käse, Cherrytomaten und Bacon","6","Adlershof","2017-07-18 00:00:00"
"Fish","FOOD","Das „Mr. Tentacles“- Sandwich mit Oktopus, Karottenpüree, Sellerie und Dill","7","Adlershof","2017-07-18 00:00:00"
"Vegetarian","FOOD","Leckerer Rucola-Salat mit Champignon, Parmaschinken und Parmesan","5","Adlershof","2017-07-19 00:00:00"
"","FOOD","Pasta der Woche: Spätzle mit Käse, Cherrytomaten und Bacon","6","Adlershof","2017-07-19 00:00:00"
"Fish","FOOD","Das „Mr. Tentacles“- Sandwich mit Oktopus, Karottenpüree, Sellerie und Dill","7","Adlershof","2017-07-19 00:00:00"
"Vegetarian","FOOD","Leckerer Rucola-Salat mit Champignon, Parmaschinken und Parmesan","5","Adlershof","2017-07-20 00:00:00"
"","FOOD","Pasta der Woche: Spätzle mit Käse, Cherrytomaten und Bacon","6","Adlershof","2017-07-20 00:00:00"
"Fish","FOOD","Das „Mr. Tentacles“- Sandwich mit Oktopus, Karottenpüree, Sellerie und Dill","7","Adlershof","2017-07-20 00:00:00"
"Vegetarian","FOOD","Leckerer Rucola-Salat mit Champignon, Parmaschinken und Parmesan","5","Adlershof","2017-07-21 00:00:00"
"","FOOD","Pasta der Woche: Spätzle mit Käse, Cherrytomaten und Bacon","6","Adlershof","2017-07-21 00:00:00"
"Fish","FOOD","Das „Mr. Tentacles“- Sandwich mit Oktopus, Karottenpüree, Sellerie und Dill","7","Adlershof","2017-07-21 00:00:00"
"","FOOD","Leckerergemischter Salatmit frittierten Chicken Fingers und Vinaigrette","5","Adlershof","2017-07-24 00:00:00"
"Fish","FOOD","Pasta der Wochemit Pesto, Lachs und Cherrytomaten","6","Adlershof","2017-07-24 00:00:00"
"","FOOD","Der„Happy Taste „- Burgermit Rindfleisch, Portobello Pilzen, Emmentaler, Rucola und Mayo","7","Adlershof","2017-07-24 00:00:00"
"","FOOD","Leckerergemischter Salatmit frittierten Chicken Fingers und Vinaigrette","5","Adlershof","2017-07-25 00:00:00"
"Fish","FOOD","Pasta der Wochemit Pesto, Lachs und Cherrytomaten","6","Adlershof","2017-07-25 00:00:00"
"","FOOD","Der„Happy Taste „- Burgermit Rindfleisch, Portobello Pilzen, Emmentaler, Rucola und Mayo","7","Adlershof","2017-07-25 00:00:00"
"","FOOD","Leckerergemischter Salatmit frittierten Chicken Fingers und Vinaigrette","5","Adlershof","2017-07-26 00:00:00"
"Fish","FOOD","Pasta der Wochemit Pesto, Lachs und Cherrytomaten","6","Adlershof","2017-07-26 00:00:00"
"","FOOD","Der„Happy Taste „- Burgermit Rindfleisch, Portobello Pilzen, Emmentaler, Rucola und Mayo","7","Adlershof","2017-07-26 00:00:00"
"","FOOD","Leckerergemischter Salatmit frittierten Chicken Fingers und Vinaigrette","5","Adlershof","2017-07-27 00:00:00"
"Fish","FOOD","Pasta der Wochemit Pesto, Lachs und Cherrytomaten","6","Adlershof","2017-07-27 00:00:00"
"","FOOD","Der„Happy Taste „- Burgermit Rindfleisch, Portobello Pilzen, Emmentaler, Rucola und Mayo","7","Adlershof","2017-07-27 00:00:00"
"","FOOD","Leckerergemischter Salatmit frittierten Chicken Fingers und Vinaigrette","5","Adlershof","2017-07-28 00:00:00"
"Fish","FOOD","Pasta der Wochemit Pesto, Lachs und Cherrytomaten","6","Adlershof","2017-07-28 00:00:00"
"","FOOD","Der„Happy Taste „- Burgermit Rindfleisch, Portobello Pilzen, Emmentaler, Rucola und Mayo","7","Adlershof","2017-07-28 00:00:00"
"Fish","FOOD","Leckerergemischter Salatmit Thunfisch, Mais, Paprika und Vinaigrette","5","Adlershof","2017-07-31 00:00:00"
"","FOOD","Gnocchimit Gorgonzola und Bacon","6","Adlershof","2017-07-31 00:00:00"
"Fish","FOOD","Das„Club Tuna“- Sandwichmit Thunfisch, Mayo, Salat, Tomaten und Bacon","7","Adlershof","2017-07-31 00:00:00"
"Fish","FOOD","Leckerergemischter Salatmit Thunfisch, Mais, Paprika und Vinaigrette","5","Adlershof","2017-08-01 00:00:00"
"","FOOD","Gnocchimit Gorgonzola und Bacon","6","Adlershof","2017-08-01 00:00:00"
"Fish","FOOD","Das„Club Tuna“- Sandwichmit Thunfisch, Mayo, Salat, Tomaten und Bacon","7","Adlershof","2017-08-01 00:00:00"
"Fish","FOOD","Leckerergemischter Salatmit Thunfisch, Mais, Paprika und Vinaigrette","5","Adlershof","2017-08-02 00:00:00"
"","FOOD","Gnocchimit Gorgonzola und Bacon","6","Adlershof","2017-08-02 00:00:00"
"Fish","FOOD","Das„Club Tuna“- Sandwichmit Thunfisch, Mayo, Salat, Tomaten und Bacon","7","Adlershof","2017-08-02 00:00:00"
"Fish","FOOD","Leckerergemischter Salatmit Thunfisch, Mais, Paprika und Vinaigrette","5","Adlershof","2017-08-03 00:00:00"
"","FOOD","Gnocchimit Gorgonzola und Bacon","6","Adlershof","2017-08-03 00:00:00"
"Fish","FOOD","Das„Club Tuna“- Sandwichmit Thunfisch, Mayo, Salat, Tomaten und Bacon","7","Adlershof","2017-08-03 00:00:00"
"Fish","FOOD","Leckerergemischter Salatmit Thunfisch, Mais, Paprika und Vinaigrette","5","Adlershof","2017-08-04 00:00:00"
"","FOOD","Gnocchimit Gorgonzola und Bacon","6","Adlershof","2017-08-04 00:00:00"
"Fish","FOOD","Das„Club Tuna“- Sandwichmit Thunfisch, Mayo, Salat, Tomaten und Bacon","7","Adlershof","2017-08-04 00:00:00"
"Vegetarian","FOOD","Caprese Salat","5","Adlershof","2017-08-07 00:00:00"
"","FOOD","Spätzlemit Spinat und Bacon","6","Adlershof","2017-08-07 00:00:00"
"","FOOD","Burger der Wochemit Rindfleisch, Emmentaler, Bacon, Rucola und gegrillter Paprika","7","Adlershof","2017-08-07 00:00:00"
"Vegetarian","FOOD","Caprese Salat","5","Adlershof","2017-08-08 00:00:00"
"","FOOD","Spätzlemit Spinat und Bacon","6","Adlershof","2017-08-08 00:00:00"
"","FOOD","Burger der Wochemit Rindfleisch, Emmentaler, Bacon, Rucola und gegrillter Paprika","7","Adlershof","2017-08-08 00:00:00"
"Vegetarian","FOOD","Caprese Salat","5","Adlershof","2017-08-09 00:00:00"
"","FOOD","Spätzlemit Spinat und Bacon","6","Adlershof","2017-08-09 00:00:00"
"","FOOD","Burger der Wochemit Rindfleisch, Emmentaler, Bacon, Rucola und gegrillter Paprika","7","Adlershof","2017-08-09 00:00:00"
"Vegetarian","FOOD","Caprese Salat","5","Adlershof","2017-08-10 00:00:00"
"","FOOD","Spätzlemit Spinat und Bacon","6","Adlershof","2017-08-10 00:00:00"
"","FOOD","Burger der Wochemit Rindfleisch, Emmentaler, Bacon, Rucola und gegrillter Paprika","7","Adlershof","2017-08-10 00:00:00"
"Vegetarian","FOOD","Caprese Salat","5","Adlershof","2017-08-11 00:00:00"
"","FOOD","Spätzlemit Spinat und Bacon","6","Adlershof","2017-08-11 00:00:00"
"","FOOD","Burger der Wochemit Rindfleisch, Emmentaler, Bacon, Rucola und gegrillter Paprika","7","Adlershof","2017-08-11 00:00:00"
"Vegan;Vegetarian","FOOD","LeckererMix-Salatmit Tomaten, Oliven, Fontina und Habanero Dressing","5","Adlershof","2017-08-14 00:00:00"
"","FOOD","Pasta all’arrabbiata","6","Adlershof","2017-08-14 00:00:00"
"","FOOD","Das„Road toYucatán“ Sandwichmit Mortadella, Fontina und frische Habanero (red savina)","7","Adlershof","2017-08-14 00:00:00"
"Vegan;Vegetarian","FOOD","LeckererMix-Salatmit Tomaten, Oliven, Fontina und Habanero Dressing","5","Adlershof","2017-08-15 00:00:00"
"","FOOD","Pasta all’arrabbiata","6","Adlershof","2017-08-15 00:00:00"
"","FOOD","Das„Road toYucatán“ Sandwichmit Mortadella, Fontina und frische Habanero (red savina)","7","Adlershof","2017-08-15 00:00:00"
"Vegan;Vegetarian","FOOD","LeckererMix-Salatmit Tomaten, Oliven, Fontina und Habanero Dressing","5","Adlershof","2017-08-16 00:00:00"
"","FOOD","Pasta all’arrabbiata","6","Adlershof","2017-08-16 00:00:00"
"","FOOD","Das„Road toYucatán“ Sandwichmit Mortadella, Fontina und frische Habanero (red savina)","7","Adlershof","2017-08-16 00:00:00"
"Vegan;Vegetarian","FOOD","LeckererMix-Salatmit Tomaten, Oliven, Fontina und Habanero Dressing","5","Adlershof","2017-08-17 00:00:00"
"","FOOD","Pasta all’arrabbiata","6","Adlershof","2017-08-17 00:00:00"
"","FOOD","Das„Road toYucatán“ Sandwichmit Mortadella, Fontina und frische Habanero (red savina)","7","Adlershof","2017-08-17 00:00:00"
"Fish","FOOD","Romana Salatmit Garnelen und Cocktailsauce","5","Adlershof","2017-08-21 00:00:00"
"Vegetarian","FOOD","Gnocchimit Taleggio, Radicchio und Walnüssen","6","Adlershof","2017-08-21 00:00:00"
"","FOOD","Burger der Wochemit Rindfleisch, Ricotta, Paprikasauce, Rucola und Bacon","7","Adlershof","2017-08-21 00:00:00"
"Fish","FOOD","Romana Salatmit Garnelen und Cocktailsauce","5","Adlershof","2017-08-22 00:00:00"
"Vegetarian","FOOD","Gnocchimit Taleggio, Radicchio und Walnüssen","6","Adlershof","2017-08-22 00:00:00"
"","FOOD","Burger der Wochemit Rindfleisch, Ricotta, Paprikasauce, Rucola und Bacon","7","Adlershof","2017-08-22 00:00:00"
"Fish","FOOD","Romana Salatmit Garnelen und Cocktailsauce","5","Adlershof","2017-08-23 00:00:00"
"Vegetarian","FOOD","Gnocchimit Taleggio, Radicchio und Walnüssen","6","Adlershof","2017-08-23 00:00:00"
"","FOOD","Burger der Wochemit Rindfleisch, Ricotta, Paprikasauce, Rucola und Bacon","7","Adlershof","2017-08-23 00:00:00"
"Fish","FOOD","Romana Salatmit Garnelen und Cocktailsauce","5","Adlershof","2017-08-24 00:00:00"
"Vegetarian","FOOD","Gnocchimit Taleggio, Radicchio und Walnüssen","6","Adlershof","2017-08-24 00:00:00"
"","FOOD","Burger der Wochemit Rindfleisch, Ricotta, Paprikasauce, Rucola und Bacon","7","Adlershof","2017-08-24 00:00:00"
"Fish","FOOD","Romana Salatmit Garnelen und Cocktailsauce","5","Adlershof","2017-08-25 00:00:00"
"Vegetarian","FOOD","Gnocchimit Taleggio, Radicchio und Walnüssen","6","Adlershof","2017-08-25 00:00:00"
"","FOOD","Burger der Wochemit Rindfleisch, Ricotta, Paprikasauce, Rucola und Bacon","7","Adlershof","2017-08-25 00:00:00"
"Vegetarian","FOOD","Mix Salatmit Tomaten, Feta und Balsamico dressing","5","Adlershof","2017-08-28 00:00:00"
"","FOOD","Pastader woche mit Sahne, Erbsen und Kochschinken","6","Adlershof","2017-08-28 00:00:00"
"","FOOD","Sandwich der Wochemit Pecorino, Tomaten und Mortadella","7","Adlershof","2017-08-28 00:00:00"
"Vegetarian","FOOD","Mix Salatmit Tomaten, Feta und Balsamico dressing","5","Adlershof","2017-08-29 00:00:00"
"","FOOD","Pastader woche mit Sahne, Erbsen und Kochschinken","6","Adlershof","2017-08-29 00:00:00"
"","FOOD","Sandwich der Wochemit Pecorino, Tomaten und Mortadella","7","Adlershof","2017-08-29 00:00:00"
"Vegetarian","FOOD","Mix Salatmit Tomaten, Feta und Balsamico dressing","5","Adlershof","2017-08-30 00:00:00"
"","FOOD","Pastader woche mit Sahne, Erbsen und Kochschinken","6","Adlershof","2017-08-30 00:00:00"
"","FOOD","Sandwich der Wochemit Pecorino, Tomaten und Mortadella","7","Adlershof","2017-08-30 00:00:00"
"Vegetarian","FOOD","Mix Salatmit Tomaten, Feta und Balsamico dressing","5","Adlershof","2017-08-31 00:00:00"
"","FOOD","Pastader woche mit Sahne, Erbsen und Kochschinken","6","Adlershof","2017-08-31 00:00:00"
"","FOOD","Sandwich der Wochemit Pecorino, Tomaten und Mortadella","7","Adlershof","2017-08-31 00:00:00"
"Vegetarian","FOOD","Mix Salatmit Tomaten, Feta und Balsamico dressing","5","Adlershof","2017-09-01 00:00:00"
"","FOOD","Pastader woche mit Sahne, Erbsen und Kochschinken","6","Adlershof","2017-09-01 00:00:00"
"","FOOD","Sandwich der Wochemit Pecorino, Tomaten und Mortadella","7","Adlershof","2017-09-01 00:00:00"
"Bio","Jouis Nour","Zigeunersteak von der Pute mit Bratkarfoffeln und gemischtem Blattsalat","7.5","Adlershof","2017-09-01 00:00:00"
"Vegan;Vegetarian;Bio","Jouis Nour","Pikantes Mais-Cremesüppchen mit Walnüssen","4","Adlershof","2017-09-01 00:00:00"
"Vegan;Vegetarian;Bio","Jouis Nour","Bunte Quinoa Gemüsepfanne an Kräutersauce","5.9","Adlershof","2017-09-01 00:00:00"
"Bio","Jouis Nour","Rinderragout mit Kräuternudeln und Grilltomate","7.5","Adlershof","2017-09-04 00:00:00"
"Soup;Bio","Jouis Nour","Käse-Lauchsuppe mit Hackfleisch und Kräutern","4.5","Adlershof","2017-09-04 00:00:00"
"Vegan;Vegetarian;Bio","Jouis Nour","Herbsgulasch von Hokkaido-Kürbis und Weißkohl an Salzkartoffeln","5.5","Adlershof","2017-09-04 00:00:00"
"Bio","Jouis Nour","Gulasch von der Pute mit Pilzen an Paprikareis","7.5","Adlershof","2017-09-05 00:00:00"
"Vegetarian;Bio","Jouis Nour","Süss-saure Eier auf Kartoffelpüree","5.5","Adlershof","2017-09-05 00:00:00"
"Vegan;Vegetarian;Bio","Jouis Nour","Weißer-Bohnen-Eintopf “Serbische Art” mit frischen Kräutern","4","Adlershof","2017-09-05 00:00:00"
"Bio","Jouis Nour","Hausgemachter Schweinebraten mit Apfelrotkohl und Spätzle","7.5","Adlershof","2017-09-06 00:00:00"
"Vegan;Vegetarian;Bio","Jouis Nour","Karotten-Orangen-Süppchen mit Ingwer-Schmand","5","Adlershof","2017-09-06 00:00:00"
"Vegetarian;Bio","Jouis Nour","Makkaroni-Käse-Auflauf mit Tomatensauce","5.5","Adlershof","2017-09-06 00:00:00"
"Fish","Jouis Nour","Fischfilet in Backteig an warmem Kartoffelsalat und Remoulade","7.9","Adlershof","2017-09-07 00:00:00"
"Vegan;Vegetarian;Soup;Bio","Jouis Nour","Sauer-Scharf-Suppe mit Frühlingszwiebeln und Sprossen","4.5","Adlershof","2017-09-07 00:00:00"
"Vegetarian;Bio","Jouis Nour","Kartoffel-Grünkern-Pfanne mit frischem Herbstgemüse und hausgemachtem Kräuterquark","5.9","Adlershof","2017-09-07 00:00:00"
"Bio","Jouis Nour","Saftige Spare Ribs mit Spicy Wedges, Coleslaw und Sour Cream","7.5","Adlershof","2017-09-08 00:00:00"
"Vegan;Vegetarian;Soup;Bio","Jouis Nour","Marokkanische Gemüse-Suppe mit Couscous und frischen Kräutern","4","Adlershof","2017-09-08 00:00:00"
"Vegetarian;Bio","Jouis Nour","Indische Gemüsepfanne mit Kichererbsenpüre und Joguhrt-Minz-Dip","5.9","Adlershof","2017-09-08 00:00:00"
"Bio","Jouis Nour","Thailändische Rindfleischpfanne mit Kokos und Gemüse dazu Basmatireis","7.5","Adlershof","2017-09-11 00:00:00"
"Vegetarian;Bio","Jouis Nour","Blumenkohlsüppchen mit Kresse","4","Adlershof","2017-09-11 00:00:00"
"Vegetarian;Bio","Jouis Nour","Schupfnudelpfanne mit Kürbis und Kraüterschmand","5.5","Adlershof","2017-09-11 00:00:00"
"Bio","Jouis Nour","Berliner Boulette mit Mischgemüse an Senfsauce und Petersilienkartoffeln","7","Adlershof","2017-09-12 00:00:00"
"Bio","Jouis Nour","Berliner Karotten-Eintopf mit Fleisch und frischen Kräutern","4.5","Adlershof","2017-09-12 00:00:00"
"Vegan;Vegetarian;Bio","Jouis Nour","Brokkoli-Reistopf mit feuriger Tomatensauce","5.5","Adlershof","2017-09-12 00:00:00"
"Bio","Jouis Nour","Omas Geflügelleber mit Kartoffelpüree und Apfel-Zwiebel-Gemüse","7.5","Adlershof","2017-09-13 00:00:00"
"Vegetarian;Bio","Jouis Nour","Penne-Brokkoli-Pfanne mit Gorgonzolasauce","5.9","Adlershof","2017-09-13 00:00:00"
"Vegan;Vegetarian;Bio","Jouis Nour","Brandenburger Kohleintopf mit Erdäpfeln und frischen Kräutern","4","Adlershof","2017-09-13 00:00:00"
"Fish","Jouis Nour","Kartoffelrösti mit hausgebeiztem Lachs an Dill-Senf-Sauce","7.9","Adlershof","2017-09-14 00:00:00"
"Vegan;Vegetarian;Soup;Bio","Jouis Nour","Linsen-Chili-Suppe mit Sesamcroutons","4","Adlershof","2017-09-14 00:00:00"
"Vegan;Vegetarian;Bio","Jouis Nour","Gebratener Tofu mit Zucchini-Möhren-Salat und Ingwerreis","6.5","Adlershof","2017-09-14 00:00:00"
"Bio","Jouis Nour","Hühnerfrikassee mit buntem Gartengemüse und Kräuterkartoffeln","7.5","Adlershof","2017-09-15 00:00:00"
"Vegetarian;Bio","Jouis Nour","Spinat-Lasagne mit Tomaten-Kräuter-Dip","5.9","Adlershof","2017-09-15 00:00:00"
"Vegan;Vegetarian;Soup;Bio","Jouis Nour","Paprikasüppchen mit Karottenraspeln","4","Adlershof","2017-09-15 00:00:00"
"Bio","Jouis Nour","Schweinekrustenbraten an Sauerkraut und Erbspüree","7.5","Adlershof","2017-09-18 00:00:00"
"Vegetarian;Soup;Bio","Jouis Nour","Spinatcremesuppe mit Buchweizen","4","Adlershof","2017-09-18 00:00:00"
"Vegan;Vegetarian;Bio","Jouis Nour","Basmatireis mit Kokos, rotem Curry-Sojageschnetzeltem und frischem Gemüse","6.5","Adlershof","2017-09-18 00:00:00"
"Bio","Jouis Nour","Bayrischer Ochsenbraten mit Waldpilzen und Semmelknödeln","7.5","Adlershof","2017-09-19 00:00:00"
"Vegetarian;Bio","Jouis Nour","Vegetarische Lasagne mit Kräuterdip","5.9","Adlershof","2017-09-19 00:00:00"
"Vegan;Vegetarian;Bio","Jouis Nour","Grüne Bohnen-Eintopf mit frischen Kräutern","4","Adlershof","2017-09-19 00:00:00"
"Bio","Jouis Nour","Spagetthi Bolognese mit geriebenem Gouda","5.9","Adlershof","2017-09-20 00:00:00"
"Soup;Bio","Jouis Nour","Ungarische Gulaschsuppe mit Paprikastreifen","5","Adlershof","2017-09-20 00:00:00"
"Vegan;Vegetarian;Bio","Jouis Nour","Brandenburger Gemüse-Pfanne mit Salzkartoffeln und Tomatensauce","5.9","Adlershof","2017-09-20 00:00:00"
"Fish","Jouis Nour","Buntes Fischragout mit Dill und Zitronenreis","7.9","Adlershof","2017-09-21 00:00:00"
"Vegetarian;Soup;Bio","Jouis Nour","Champignon-Cremesuppe mit Kräutercroutons","4","Adlershof","2017-09-21 00:00:00"
"Vegetarian;Bio","Jouis Nour","Bunte Gemüse-Gnocchipfanne mit Basilikumsauce","5.9","Adlershof","2017-09-21 00:00:00"
"Bio","Jouis Nour","Hähnchenkeule nach indischer Art mit Gemüse und Duftreis","7.5","Adlershof","2017-09-22 00:00:00"
"Soup;Bio","Jouis Nour","Bayrischer Sauerkrautkartoffelsuppe mit Speckwürfeln und Lauchstreifen","4.5","Adlershof","2017-09-22 00:00:00"
"Vegetarian;Bio","Jouis Nour","Zwei gekochte Eier in pikanter Senfsauce mit Kartoffelpüree","5.5","Adlershof","2017-09-22 00:00:00"
"Bio","Jouis Nour","Putensteak überbacken mit Tomate-Mozzarella, Bandnudeln und Paprikagemüse","7.5","Adlershof","2017-09-25 00:00:00"
"Vegetarian;Bio","Jouis Nour","Kürbis-Gemüsepfanne an Pilzsauce","5.9","Adlershof","2017-09-25 00:00:00"
"Soup;Bio","Jouis Nour","Hendl-Suppe Hühnersuppe mit Gemüsestreifen","4.5","Adlershof","2017-09-25 00:00:00"
"Bio","Jouis Nour","Bratwurst auf Sauerkraut mit Salzkartoffeln und Senfsauce","7","Adlershof","2017-09-26 00:00:00"
"Vegetarian;Bio","Jouis Nour","Blaukraut-Kartoffel-Auflauf mit Kräuterschmand","5.9","Adlershof","2017-09-26 00:00:00"
"Vegan;Vegetarian;Soup;Bio","Jouis Nour","Indischer roter Linseneintopf mit Paprikastreifen","4","Adlershof","2017-09-26 00:00:00"
"Bio","Jouis Nour","Gelbes Putencurry mit Sprossen, Kokosmilch und Chilireis","7.5","Adlershof","2017-09-27 00:00:00"
"Vegetarian;Soup;Bio","Jouis Nour","Eintopf von der Tellerlinse mit Balsamico-Dip","4","Adlershof","2017-09-27 00:00:00"
"Vegetarian;Bio","Jouis Nour","Käsespätzle mit Röstzwiebeln und Rucola-Sonnenblumenkern-Salat","5.9","Adlershof","2017-09-27 00:00:00"
"Fish","Jouis Nour","Kürbis-Lachs-Lasagne mit Käse überbacken und Kräuterquark","7.9","Adlershof","2017-09-28 00:00:00"
"Vegan;Vegetarian;Soup;Bio","Jouis Nour","Steckrübensuppe mit gerösteten Haferflocken","4","Adlershof","2017-09-28 00:00:00"
"Vegetarian;Bio","Jouis Nour","Pfanne von Marktgemüse und Hirse an Petersilien-Joghurt-Dip","5.9","Adlershof","2017-09-28 00:00:00"
"Bio","Jouis Nour","Puten-Gyros an Backkartoffeln und Tzatziki","7.5","Adlershof","2017-09-29 00:00:00"
"Vegetarian;Bio","Jouis Nour","Tagliatelle mit Basilikumpesto, Rucula, Oliven und Cherrytomaten","5.5","Adlershof","2017-09-29 00:00:00"
"Vegan;Vegetarian;Soup;Bio","Jouis Nour","Kräftige Tomatensuppe mit Basilikum und Reis","4","Adlershof","2017-09-29 00:00:00"
"Vegetarian","FOOD","Caesar Saladmit Romana, Parmesan, Croutons und Caesar dressing","5","Adlershof","2017-09-04 00:00:00"
"Vegetarian","FOOD","Spätzle Mac n cheese","6","Adlershof","2017-09-04 00:00:00"
"","FOOD","Burger der Wochemit Rindfleish, Swiss cheese, Romana salat und Caesar dressing","7","Adlershof","2017-09-04 00:00:00"
"Vegetarian","FOOD","Caesar Saladmit Romana, Parmesan, Croutons und Caesar dressing","5","Adlershof","2017-09-05 00:00:00"
"Vegetarian","FOOD","Spätzle Mac n cheese","6","Adlershof","2017-09-05 00:00:00"
"","FOOD","Burger der Wochemit Rindfleish, Swiss cheese, Romana salat und Caesar dressing","7","Adlershof","2017-09-05 00:00:00"
"Vegetarian","FOOD","Caesar Saladmit Romana, Parmesan, Croutons und Caesar dressing","5","Adlershof","2017-09-06 00:00:00"
"Vegetarian","FOOD","Spätzle Mac n cheese","6","Adlershof","2017-09-06 00:00:00"
"","FOOD","Burger der Wochemit Rindfleish, Swiss cheese, Romana salat und Caesar dressing","7","Adlershof","2017-09-06 00:00:00"
"Vegetarian","FOOD","Caesar Saladmit Romana, Parmesan, Croutons und Caesar dressing","5","Adlershof","2017-09-07 00:00:00"
"Vegetarian","FOOD","Spätzle Mac n cheese","6","Adlershof","2017-09-07 00:00:00"
"","FOOD","Burger der Wochemit Rindfleish, Swiss cheese, Romana salat und Caesar dressing","7","Adlershof","2017-09-07 00:00:00"
"Vegetarian","FOOD","Caesar Saladmit Romana, Parmesan, Croutons und Caesar dressing","5","Adlershof","2017-09-08 00:00:00"
"Vegetarian","FOOD","Spätzle Mac n cheese","6","Adlershof","2017-09-08 00:00:00"
"","FOOD","Burger der Wochemit Rindfleish, Swiss cheese, Romana salat und Caesar dressing","7","Adlershof","2017-09-08 00:00:00"
"Vegan;Vegetarian","FOOD","Lauwarmer Spitzkohlsalat","5","Adlershof","2017-09-11 00:00:00"
"","FOOD","Pasta Carbonara","6","Adlershof","2017-09-11 00:00:00"
"","FOOD","Sandwich der Woche mit Bündnerfleisch, Tomaten, Rucola und Parmesan","7","Adlershof","2017-09-11 00:00:00"
"Vegan;Vegetarian","FOOD","Lauwarmer Spitzkohlsalat","5","Adlershof","2017-09-12 00:00:00"
"","FOOD","Pasta Carbonara","6","Adlershof","2017-09-12 00:00:00"
"","FOOD","Sandwich der Woche mit Bündnerfleisch, Tomaten, Rucola und Parmesan","7","Adlershof","2017-09-12 00:00:00"
"Vegan;Vegetarian","FOOD","Lauwarmer Spitzkohlsalat","5","Adlershof","2017-09-13 00:00:00"
"","FOOD","Pasta Carbonara","6","Adlershof","2017-09-13 00:00:00"
"","FOOD","Sandwich der Woche mit Bündnerfleisch, Tomaten, Rucola und Parmesan","7","Adlershof","2017-09-13 00:00:00"
"Vegan;Vegetarian","FOOD","Lauwarmer Spitzkohlsalat","5","Adlershof","2017-09-14 00:00:00"
"","FOOD","Pasta Carbonara","6","Adlershof","2017-09-14 00:00:00"
"","FOOD","Sandwich der Woche mit Bündnerfleisch, Tomaten, Rucola und Parmesan","7","Adlershof","2017-09-14 00:00:00"
"Vegan;Vegetarian","FOOD","Lauwarmer Spitzkohlsalat","5","Adlershof","2017-09-15 00:00:00"
"","FOOD","Pasta Carbonara","6","Adlershof","2017-09-15 00:00:00"
"","FOOD","Sandwich der Woche mit Bündnerfleisch, Tomaten, Rucola und Parmesan","7","Adlershof","2017-09-15 00:00:00"
