"price","dish","date","ingredients","business","location"
"3.90","Tomaten-Kokossuppe mit Sprossen","24.07.2017","Vegetarian;Soup","Albert","Adlershof"
"5.00","Penne „Arrabiata“ mit Parmesan","24.07.2017","Vegetarian","Albert","Adlershof"
"5.80","Matjes mit Hausfrauensauce & Salzkartoffeln","24.07.2017","","Albert","Adlershof"
"3.90","Geflügelcremesuppe mit Schnittlauch","25.07.2017","Soup","Albert","Adlershof"
"5.00","Zwiebel-Frischkäsekuchen mit Salat & Honig-Senfdressing","25.07.2017","Vegetarian","Albert","Adlershof"
"5.80","Cevapcici mit Tzaziki & Tomatenreis","25.07.2017","","Albert","Adlershof"
"4.00","Andalusische Fischsuppe mit Knoblauch & Paprika","26.07.2017","Fish;Soup","Albert","Adlershof"
"5.00","Ofenkartoffel mit toskanischem Gemüse & Schafskäse","26.07.2017","Vegetarian","Albert","Adlershof"
"5.80","Spaghetti „Bolognese“ mit Rucola & Parmesan","26.07.2017","","Albert","Adlershof"
"3.90","Kürbis-Currysuppe mit Chili","27.07.2017","Vegetarian;Soup","Albert","Adlershof"
"5.00","Glasnudelsalat mit Frühlingsrolle & Sprossen","27.07.2017","Vegetarian","Albert","Adlershof"
"5.80","Schweinebraten mit Schwarzbiersauce, Bayrisch Kraut & böhmische Knödel","27.07.2017","","Albert","Adlershof"
"3.90","Grüne Gazpacho mit Croutons","28.07.2017","Vegetarian","Albert","Adlershof"
"5.00","Gnocchi in Gorgonzolasauce mit Walnüssen & rosa Pfefferbeeren","28.07.2017","Vegetarian","Albert","Adlershof"
"5.80","Hackbällchen mit Schmorgurken & Salzkartoffeln","28.07.2017","","Albert","Adlershof"
"price","dish","date","ingredients","business","location"
"5,90","Salatteller mit frischem buntem Gartensalat wahlweise mit Sweet Chili Chicken","24.07.2017","","La Petite","Adlershof"
"5,90","Salatteller mit frischem buntem Gartensalat wahlweise mit Sweet Chili Chicken","25.07.2017","","La Petite","Adlershof"
"5,90","Salatteller mit frischem buntem Gartensalat wahlweise mit Sweet Chili Chicken","26.07.2017","","La Petite","Adlershof"
"5,90","Salatteller mit frischem buntem Gartensalat wahlweise mit Sweet Chili Chicken","27.07.2017","","La Petite","Adlershof"
"5,90","Salatteller mit frischem buntem Gartensalat wahlweise mit Sweet Chili Chicken","28.07.2017","","La Petite","Adlershof"
"6,20","Red Thai Curry mit asiatischem Gemüse, Zitronengras wahlweise mit Chicken oder Vegetarisch auf Basmatireis","24.07.2017","Vegetarian","La Petite","Adlershof"
"6,20","Red Thai Curry mit asiatischem Gemüse, Zitronengras wahlweise mit Chicken oder Vegetarisch auf Basmatireis","25.07.2017","Vegetarian","La Petite","Adlershof"
"6,20","Red Thai Curry mit asiatischem Gemüse, Zitronengras wahlweise mit Chicken oder Vegetarisch auf Basmatireis","26.07.2017","Vegetarian","La Petite","Adlershof"
"6,20","Red Thai Curry mit asiatischem Gemüse, Zitronengras wahlweise mit Chicken oder Vegetarisch auf Basmatireis","27.07.2017","Vegetarian","La Petite","Adlershof"
"6,20","Red Thai Curry mit asiatischem Gemüse, Zitronengras wahlweise mit Chicken oder Vegetarisch auf Basmatireis","28.07.2017","Vegetarian","La Petite","Adlershof"
"6,50","Paniertes Schweineschnitzel mit ChampignonRahmsauce, dazu Petersilienkartoffeln + Salatbeilage der Saison","24.07.2017","","La Petite","Adlershof"
"6,50","Paniertes Schweineschnitzel mit ChampignonRahmsauce, dazu Petersilienkartoffeln + Salatbeilage der Saison","25.07.2017","","La Petite","Adlershof"
"6,50","Paniertes Schweineschnitzel mit ChampignonRahmsauce, dazu Petersilienkartoffeln + Salatbeilage der Saison","26.07.2017","","La Petite","Adlershof"
"6,50","Paniertes Schweineschnitzel mit ChampignonRahmsauce, dazu Petersilienkartoffeln + Salatbeilage der Saison","27.07.2017","","La Petite","Adlershof"
"6,50","Paniertes Schweineschnitzel mit ChampignonRahmsauce, dazu Petersilienkartoffeln + Salatbeilage der Saison","28.07.2017","","La Petite","Adlershof"
"4,90","Studio CurryWurst mit Spezialsauce, dazu Kartoffel.oder Nudelsalat","24.07.2017","","La Petite","Adlershof"
"4,90","Studio CurryWurst mit Spezialsauce, dazu Kartoffel.oder Nudelsalat","25.07.2017","","La Petite","Adlershof"
"4,90","Studio CurryWurst mit Spezialsauce, dazu Kartoffel.oder Nudelsalat","26.07.2017","","La Petite","Adlershof"
"4,90","Studio CurryWurst mit Spezialsauce, dazu Kartoffel.oder Nudelsalat","27.07.2017","","La Petite","Adlershof"
"4,90","Studio CurryWurst mit Spezialsauce, dazu Kartoffel.oder Nudelsalat","28.07.2017","","La Petite","Adlershof"
"6,60","ChickenBurger mit saftigem KrispyChicken vom Grill, hausgemachter Majonäse, knackigem Salat, Tomaten und Zwiebeln, Käse und Gewürzgurken + American Krautsalat","24.07.2017","","La Petite","Adlershof"
"6,60","ChickenBurger mit saftigem KrispyChicken vom Grill, hausgemachter Majonäse, knackigem Salat, Tomaten und Zwiebeln, Käse und Gewürzgurken + American Krautsalat","25.07.2017","","La Petite","Adlershof"
"6,60","ChickenBurger mit saftigem KrispyChicken vom Grill, hausgemachter Majonäse, knackigem Salat, Tomaten und Zwiebeln, Käse und Gewürzgurken + American Krautsalat","26.07.2017","","La Petite","Adlershof"
"6,60","ChickenBurger mit saftigem KrispyChicken vom Grill, hausgemachter Majonäse, knackigem Salat, Tomaten und Zwiebeln, Käse und Gewürzgurken + American Krautsalat","27.07.2017","","La Petite","Adlershof"
"6,60","ChickenBurger mit saftigem KrispyChicken vom Grill, hausgemachter Majonäse, knackigem Salat, Tomaten und Zwiebeln, Käse und Gewürzgurken + American Krautsalat","28.07.2017","","La Petite","Adlershof"
"price","dish","date","ingredients","business","location"
"7.5","Puten-Tagliatelle mit Limettensauce und buntem Sommersalat","14.7.2017","Bio","Jouis Nour","Adlershof"
"5.9","Gemüse-Paella á la Jouis Nour mit frischem Gemüse und Joghurt-Dip","14.7.2017","Vegetarian;Bio","Jouis Nour","Adlershof"
"4.5","Zucchinicremesuppe mit gerösteten Haferflocken","14.7.2017","Vegetarian;Soup;Bio","Jouis Nour","Adlershof"
"7.5","Gebratene Hähnchenkeule mit Backkartoffeln an Knackigem Krautsalat und Salsa-Dip","17.7.2017","Bio","Jouis Nour","Adlershof"
"5.9","Buntes Spirelli-Brokkoli-Gratin mit Grünkern und Tomatensauce","17.7.2017","Vegetarian;Bio","Jouis Nour","Adlershof"
"4.5","Zucchinicremesuppe mit gerösteten Haferflocken","17.7.2017","Vegetarian;Soup;Bio","Jouis Nour","Adlershof"
"7.5","Griechischer Hackfleisch-Auflauf mit Bohnen und Fetakäse an Kräauterquark","18.7.2017","Bio","Jouis Nour","Adlershof"
"5.9","Gemüse-Quinoa-Pfanne mit Naturreis und einer leichten Curry-Sauce","18.7.2017","Vegan;Vegetarian;Bio","Jouis Nour","Adlershof"
"4","Toskanische Zuppa del Contadino (Bauersuppe) m. Dinkel u. geriebene Käse","18.7.2017","Vegetarian;Soup;Bio","Jouis Nour","Adlershof"
"7.5","Rinder-Rahmgeschnetzeltes mit Kartoffelpüree und Champignons","19.7.2017","Bio","Jouis Nour","Adlershof"
"5.5","Spagetthi mit Oliven, Peperoni, Käse und frischen Kräutern, dazu Salat","19.7.2017","Vegetarian;Bio","Jouis Nour","Adlershof"
"4.5","Grüner Bohnen-Eintopf mit Sonnenblumenkernen","19.7.2017","Vegan;Vegetarian;Bio","Jouis Nour","Adlershof"
"7.9","Seelachs mit Rahmlinsen, bunten Reis und grüner Salat","20.7.2017","Fish","Jouis Nour","Adlershof"
"5.9","Kartoffel-Pfifferlingsauflauf mit Lauchstreifen und Kräaterkruste","20.7.2017","Vegetarian;Bio","Jouis Nour","Adlershof"
"4","Kohlrabicreme-Suppe mit Schnittlauch","20.7.2017","Vegetarian;Soup;Bio","Jouis Nour","Adlershof"
"7","Klopse “Königsberger Art” mit Rote Beete und Kartoffelpüree","21.7.2017","Bio","Jouis Nour","Adlershof"
"5.5","Bunte Gemüse-Schupfnudeln-Pfanne mit Pesto","21.7.2017","Vegetarian;Bio","Jouis Nour","Adlershof"
"4","Blumenkohl-Süppchen mit gerösteten Haferflocken","21.7.2017","Vegan;Vegetarian;Bio","Jouis Nour","Adlershof"
"7.5","Schaschlik-Spieß mit ungarische, Letscho und Reis","24.7.2017","Bio","Jouis Nour","Adlershof"
"5.9","Gebackene Rosmarin-Ofenkartoffeln mit Ratatouille-Gemüse und Paprika Schmand","24.7.2017","Vegetarian;Bio","Jouis Nour","Adlershof"
"4","Paprika-Mais Suppe mit Sonnenblumenkerne","24.7.2017","Vegan;Vegetarian;Soup;Bio","Jouis Nour","Adlershof"
"7","Bratwurst auf Weinsauerkraut mit Petersilienkartoffeln und Kräutersenfsauce","25.7.2017","Bio","Jouis Nour","Adlershof"
"5.9","Indische Gemüsepfanne mit Kichererbsenpüre und Joguhrt-Minz-Dip","25.7.2017","Vegetarian;Bio","Jouis Nour","Adlershof"
"4","Champignon-Cremesuppe mit frischen Kräutern","25.7.2017","Vegetarian;Soup;Bio","Jouis Nour","Adlershof"
"7.5","Hausgemachtes Leber-Ragout mit Apfel an Kartoffelpüree und gerösteten Zwiebeln","26.7.2017","Bio","Jouis Nour","Adlershof"
"5.9","Bandnudeln an Pfifferlingsrahm und Krischtomaten","26.7.2017","Vegetarian;Bio","Jouis Nour","Adlershof"
"4","Berliner Kartoffelsuppe mit Kräuterschmand","26.7.2017","Vegetarian;Soup;Bio","Jouis Nour","Adlershof"
"7.9","Schollenfilet gedünstet in Dillrahm mit Kartoffeln und Gurkensalat","27.7.2017","Fish","Jouis Nour","Adlershof"
"5.9","Mediterrane Gemüse-Lasagne mit einem Kräuter-Dip","27.7.2017","Vegetarian;Bio","Jouis Nour","Adlershof"
"4","Tomatencremesuppe mit Käse-Croutons","27.7.2017","Vegetarian;Soup;Bio","Jouis Nour","Adlershof"
"7.5","Brandenburger Schmorkohl mit Hackfleisch und Petersilienkartoffeln","28.7.2017","Bio","Jouis Nour","Adlershof"
"6","Farfalle mit Tomaten-Oliven-Sauce und frischen Kräutern","27.7.2017","Vegan;Vegetarian;Bio","Jouis Nour","Adlershof"
"4","Lauch-Rahmsüppchen mit Karotttenraspeln","27.7.2017","Vegetarian;Bio","Jouis Nour","Adlershof"
"price","dish","date","ingredients","business","location"
"4,70","Mexikanischer Rindfleischtopf mit Reis, Tomaten, Paprika, Zucchini, Chili, Crème fraiche und frischem Koriander","24.07.2017","","Suppencult","Alexanderplatz"
"4,70","Mexikanischer Rindfleischtopf mit Reis, Tomaten, Paprika, Zucchini, Chili, Crème fraiche und frischem Koriander","25.07.2017","","Suppencult","Alexanderplatz"
"4,70","Mexikanischer Rindfleischtopf mit Reis, Tomaten, Paprika, Zucchini, Chili, Crème fraiche und frischem Koriander","26.07.2017","","Suppencult","Alexanderplatz"
"4,70","Mexikanischer Rindfleischtopf mit Reis, Tomaten, Paprika, Zucchini, Chili, Crème fraiche und frischem Koriander","27.07.2017","","Suppencult","Alexanderplatz"
"4,70","Mexikanischer Rindfleischtopf mit Reis, Tomaten, Paprika, Zucchini, Chili, Crème fraiche und frischem Koriander","28.07.2017","","Suppencult","Alexanderplatz"
"4,30","Bunter Kartoffeltopf mit Speck und Würstchen, Lauch, Sahne und frischer Petersilie","24.07.2017","","Suppencult","Alexanderplatz"
"4,30","Bunter Kartoffeltopf mit Speck und Würstchen, Lauch, Sahne und frischer Petersilie","25.07.2017","","Suppencult","Alexanderplatz"
"4,30","Bunter Kartoffeltopf mit Speck und Würstchen, Lauch, Sahne und frischer Petersilie","26.07.2017","","Suppencult","Alexanderplatz"
"4,30","Bunter Kartoffeltopf mit Speck und Würstchen, Lauch, Sahne und frischer Petersilie","27.07.2017","","Suppencult","Alexanderplatz"
"4,30","Bunter Kartoffeltopf mit Speck und Würstchen, Lauch, Sahne und frischer Petersilie","28.07.2017","","Suppencult","Alexanderplatz"
"4,40","Borschtsch mit Seelachsfilet, Kartoffeln, Spitzkohl, Rote Bete, Crème fraiche und frischem Dill","24.07.2017","Fish","Suppencult","Alexanderplatz"
"4,40","Borschtsch mit Seelachsfilet, Kartoffeln, Spitzkohl, Rote Bete, Crème fraiche und frischem Dill","25.07.2017","Fish","Suppencult","Alexanderplatz"
"4,40","Borschtsch mit Seelachsfilet, Kartoffeln, Spitzkohl, Rote Bete, Crème fraiche und frischem Dill","26.07.2017","Fish","Suppencult","Alexanderplatz"
"4,40","Borschtsch mit Seelachsfilet, Kartoffeln, Spitzkohl, Rote Bete, Crème fraiche und frischem Dill","27.07.2017","Fish","Suppencult","Alexanderplatz"
"4,40","Borschtsch mit Seelachsfilet, Kartoffeln, Spitzkohl, Rote Bete, Crème fraiche und frischem Dill","28.07.2017","Fish","Suppencult","Alexanderplatz"
"5,50","Hausgemachte Lasagne Bolognese serviert mit einem frischen Salat","24.07.2017","","Suppencult","Alexanderplatz"
"5,50","Hausgemachte Lasagne Bolognese serviert mit einem frischen Salat","25.07.2017","","Suppencult","Alexanderplatz"
"5,50","Hausgemachte Lasagne Bolognese serviert mit einem frischen Salat","26.07.2017","","Suppencult","Alexanderplatz"
"5,50","Hausgemachte Lasagne Bolognese serviert mit einem frischen Salat","27.07.2017","","Suppencult","Alexanderplatz"
"5,50","Hausgemachte Lasagne Bolognese serviert mit einem frischen Salat","28.07.2017","","Suppencult","Alexanderplatz"
"5,40/5,80","Linsensalat mit braunen Linsen, Hirtenkäse, Spinat, Fenchel, Weintrauben und einem hausgemachten Orangendressing, auf Wunsch mit Hähnchenbrustfilet","24.07.2017","","Suppencult","Alexanderplatz"
"5,40/5,80","Linsensalat mit braunen Linsen, Hirtenkäse, Spinat, Fenchel, Weintrauben und einem hausgemachten Orangendressing, auf Wunsch mit Hähnchenbrustfilet","25.07.2017","","Suppencult","Alexanderplatz"
"5,40/5,80","Linsensalat mit braunen Linsen, Hirtenkäse, Spinat, Fenchel, Weintrauben und einem hausgemachten Orangendressing, auf Wunsch mit Hähnchenbrustfilet","26.07.2017","","Suppencult","Alexanderplatz"
"5,40/5,80","Linsensalat mit braunen Linsen, Hirtenkäse, Spinat, Fenchel, Weintrauben und einem hausgemachten Orangendressing, auf Wunsch mit Hähnchenbrustfilet","27.07.2017","","Suppencult","Alexanderplatz"
"5,40/5,80","Linsensalat mit braunen Linsen, Hirtenkäse, Spinat, Fenchel, Weintrauben und einem hausgemachten Orangendressing, auf Wunsch mit Hähnchenbrustfilet","28.07.2017","","Suppencult","Alexanderplatz"
"5,40/5,80","Melonensalat mit Cantaloupe-, Honig- und Wassermelone, frischen Blattsalaten, Hirtenkäse, Zucchini, Lauchzwiebeln, Oliven und einem hausgemachten Melonendressing, auf Wunsch mit Hähnchenbrustfilet","24.07.2017","","Suppencult","Alexanderplatz"
"5,40/5,80","Melonensalat mit Cantaloupe-, Honig- und Wassermelone, frischen Blattsalaten, Hirtenkäse, Zucchini, Lauchzwiebeln, Oliven und einem hausgemachten Melonendressing, auf Wunsch mit Hähnchenbrustfilet","25.07.2017","","Suppencult","Alexanderplatz"
"5,40/5,80","Melonensalat mit Cantaloupe-, Honig- und Wassermelone, frischen Blattsalaten, Hirtenkäse, Zucchini, Lauchzwiebeln, Oliven und einem hausgemachten Melonendressing, auf Wunsch mit Hähnchenbrustfilet","26.07.2017","","Suppencult","Alexanderplatz"
"5,40/5,80","Melonensalat mit Cantaloupe-, Honig- und Wassermelone, frischen Blattsalaten, Hirtenkäse, Zucchini, Lauchzwiebeln, Oliven und einem hausgemachten Melonendressing, auf Wunsch mit Hähnchenbrustfilet","27.07.2017","","Suppencult","Alexanderplatz"
"5,40/5,80","Melonensalat mit Cantaloupe-, Honig- und Wassermelone, frischen Blattsalaten, Hirtenkäse, Zucchini, Lauchzwiebeln, Oliven und einem hausgemachten Melonendressing, auf Wunsch mit Hähnchenbrustfilet","28.07.2017","","Suppencult","Alexanderplatz"
"4,30","Gemüseeintopf mit Kartoffeln, Zucchini, Blumenkohl, Möhren, Kohlrabi, einem hausgemachten Kräuterquarkdip und frischem Schnittlauch","24.07.2017","","Suppencult","Alexanderplatz"
"4,30","Gemüseeintopf mit Kartoffeln, Zucchini, Blumenkohl, Möhren, Kohlrabi, einem hausgemachten Kräuterquarkdip und frischem Schnittlauch","25.07.2017","","Suppencult","Alexanderplatz"
"4,30","Gemüseeintopf mit Kartoffeln, Zucchini, Blumenkohl, Möhren, Kohlrabi, einem hausgemachten Kräuterquarkdip und frischem Schnittlauch","26.07.2017","","Suppencult","Alexanderplatz"
"4,30","Gemüseeintopf mit Kartoffeln, Zucchini, Blumenkohl, Möhren, Kohlrabi, einem hausgemachten Kräuterquarkdip und frischem Schnittlauch","27.07.2017","","Suppencult","Alexanderplatz"
"4,30","Gemüseeintopf mit Kartoffeln, Zucchini, Blumenkohl, Möhren, Kohlrabi, einem hausgemachten Kräuterquarkdip und frischem Schnittlauch","28.07.2017","","Suppencult","Alexanderplatz"
"4,30","Currytopf mit Kartoffeln, Blumenkohl, Tomaten, Erbsen, Ingwer, Crème fraiche und frischem Koriander","24.07.2017","","Suppencult","Alexanderplatz"
"4,30","Currytopf mit Kartoffeln, Blumenkohl, Tomaten, Erbsen, Ingwer, Crème fraiche und frischem Koriander","25.07.2017","","Suppencult","Alexanderplatz"
"4,30","Currytopf mit Kartoffeln, Blumenkohl, Tomaten, Erbsen, Ingwer, Crème fraiche und frischem Koriander","26.07.2017","","Suppencult","Alexanderplatz"
"4,30","Currytopf mit Kartoffeln, Blumenkohl, Tomaten, Erbsen, Ingwer, Crème fraiche und frischem Koriander","27.07.2017","","Suppencult","Alexanderplatz"
"4,30","Currytopf mit Kartoffeln, Blumenkohl, Tomaten, Erbsen, Ingwer, Crème fraiche und frischem Koriander","28.07.2017","","Suppencult","Alexanderplatz"
"4,40","Tomaten-Basilikum-Creme mit Mozzarella und Sahne","24.07.2017","","Suppencult","Alexanderplatz"
"4,40","Tomaten-Basilikum-Creme mit Mozzarella und Sahne","25.07.2017","","Suppencult","Alexanderplatz"
"4,40","Tomaten-Basilikum-Creme mit Mozzarella und Sahne","26.07.2017","","Suppencult","Alexanderplatz"
"4,40","Tomaten-Basilikum-Creme mit Mozzarella und Sahne","27.07.2017","","Suppencult","Alexanderplatz"
"4,40","Tomaten-Basilikum-Creme mit Mozzarella und Sahne","28.07.2017","","Suppencult","Alexanderplatz"
"4,25","Rote Linsen - Kokoscrème mit Chili und frischem Koriander","24.07.2017","","Suppencult","Alexanderplatz"
"4,25","Rote Linsen - Kokoscrème mit Chili und frischem Koriander","25.07.2017","","Suppencult","Alexanderplatz"
"4,25","Rote Linsen - Kokoscrème mit Chili und frischem Koriander","26.07.2017","","Suppencult","Alexanderplatz"
"4,25","Rote Linsen - Kokoscrème mit Chili und frischem Koriander","27.07.2017","","Suppencult","Alexanderplatz"
"price","dish","date","ingredients","business","location"
"4.00","Bauerneintopf mit Schweine Koch Klopse & 1 Brötchen","24.07.2017","","Sonnenschein","Adlershof"
"6.00","Rinderroulade in Del.sauce, Apfelrotkohl, Butterkartoffeln","24.07.2017","","Sonnenschein","Adlershof"
"6.00","Hühnerbrust mit Gemüse Julien unter Pesto Sauce, Nudeln, kl. Salat","24.07.2017","","Sonnenschein","Adlershof"
"5.90","Schweine Paprika Gulasch Ungarische Art, Butterkartoffeln oder Nudeln","24.07.2017","","Sonnenschein","Adlershof"
"5.00","Kohlrouladen zu Gemüsewürfeln in Tomatensauce(vegetarisch)","24.07.2017","Vegetarian","Sonnenschein","Adlershof"
"4.00","Fischsuppe (aus Fischfilet) & 1 Brötchen","25.07.2017","Fish;Soup","Sonnenschein","Adlershof"
"6.00","Mit Hühnerhack & Käse überbackene Auberginen, Reis, cremige Tomatensauce","25.07.2017","","Sonnenschein","Adlershof"
"6.00","Hüftsteak zu Kartoffeln-Möhren-Püree, Röstzwiebeln, Buttererbsen, Anjarsauce","25.07.2017","","Sonnenschein","Adlershof"
"6.00","Sommerliche gefüllte Paprikaschotte, Butterkartoffeln, Del.sauce & Erbsen","25.07.2017","","Sonnenschein","Adlershof"
"5.00","Zucchini-kartoffel-Auflauf, cremige Tomatensauce, Salat (vegetarisch)","25.07.2017","Vegetarian","Sonnenschein","Adlershof"
"4.00","Marokkanische Gemüse-Rindfleisch Eintopf & 1 Brötchen","26.07.2017","","Sonnenschein","Adlershof"
"7.80","Riesen Burger, Pommes frites, Ketchup","26.07.2017","","Sonnenschein","Adlershof"
"6.00","Hühnerbrust mit würzige Paste, gegrillte Aprikosen in Sauce, Reis","26.07.2017","","Sonnenschein","Adlershof"
"6.00","Moussaka Griechische Art, cremige Tomatensauce, Salat","26.07.2017","","Sonnenschein","Adlershof"
"5.50","Gorgonzola Rahmspinat, 2 Spiegeleier, Butterkartoffel, (vegetarisch)","26.07.2017","Vegetarian","Sonnenschein","Adlershof"
"4.00","Feurige Currysuppe mit Hühnerfleisch & 1 Brötchen","27.07.2017","Soup","Sonnenschein","Adlershof"
"6.80","Lachs-Kräuterschnitte auf Spinatnest, Butterkartoffeln, Anjarsauce","27.07.2017","Fish","Sonnenschein","Adlershof"
"6.00","Schweinemedaillons unter Champignon Rahmsauce, Bratkartoffeln","27.07.2017","","Sonnenschein","Adlershof"
"6.00","Gegrillte Hühnerschnitzel, Reis Pilaw, Kaisergemüse, Anjarsauce","27.07.2017","","Sonnenschein","Adlershof"
"5.00","Gnocchi mit knusprige Salbei und Gemüse in Tomatensauce (vegetarisch)","27.07.2017","Vegetarian","Sonnenschein","Adlershof"
"4.00","Kartoffelsuppe mit Hackbällchen a la Greque & 1 Brötchen","28.07.2017","Soup","Sonnenschein","Adlershof"
"6.00","Sonntagspfanne „Jäger Art“, Bratkartoffeln, Salat","28.07.2017","","Sonnenschein","Adlershof"
"6.00","Rahmhähnchen mit Zucchini, Butterkartoffeln, Salat","28.07.2017","","Sonnenschein","Adlershof"
"6.00","Rinderhackbraten mit Porreefüllung,, Reis Pilaw, Paprikarahmsauce","28.07.2017","","Sonnenschein","Adlershof"
"5.00","Zucchini-Paprika-Kartoffeln Tortilla, Salat, Paprikarahmsauce (vegetarisch)","28.07.2017","Vegetarian","Sonnenschein","Adlershof"
"6,60","TVBurger mit saftigem Beef vom Grill, hausgemachter Burgersauce, knackigem Salat, Tomaten und Zwiebeln, Käse und Gewürzgurken + American Krautsalat","24.07.2017","","La Petite","Adlershof"
"6,60","TVBurger mit saftigem Beef vom Grill, hausgemachter Burgersauce, knackigem Salat, Tomaten und Zwiebeln, Käse und Gewürzgurken + American Krautsalat","25.07.2017","","La Petite","Adlershof"
"6,60","TVBurger mit saftigem Beef vom Grill, hausgemachter Burgersauce, knackigem Salat, Tomaten und Zwiebeln, Käse und Gewürzgurken + American Krautsalat","26.07.2017","","La Petite","Adlershof"
"6,60","TVBurger mit saftigem Beef vom Grill, hausgemachter Burgersauce, knackigem Salat, Tomaten und Zwiebeln, Käse und Gewürzgurken + American Krautsalat","27.07.2017","","La Petite","Adlershof"
"6,60","TVBurger mit saftigem Beef vom Grill, hausgemachter Burgersauce, knackigem Salat, Tomaten und Zwiebeln, Käse und Gewürzgurken + American Krautsalat","28.07.2017","","La Petite","Adlershof"
"6,30","VeggieFitness Burger mit frisch gegrilltem Gemüsepatty aus sonnengereiften Gemüse, fruchtig frischer Mangosauce, Tomaten, Zwiebeln, knackiger Salat und Gewürzgurken + American Krautsalat","24.07.2017","","La Petite","Adlershof"
"6,30","VeggieFitness Burger mit frisch gegrilltem Gemüsepatty aus sonnengereiften Gemüse, fruchtig frischer Mangosauce, Tomaten, Zwiebeln, knackiger Salat und Gewürzgurken + American Krautsalat","25.07.2017","","La Petite","Adlershof"
"6,30","VeggieFitness Burger mit frisch gegrilltem Gemüsepatty aus sonnengereiften Gemüse, fruchtig frischer Mangosauce, Tomaten, Zwiebeln, knackiger Salat und Gewürzgurken + American Krautsalat","26.07.2017","","La Petite","Adlershof"
"6,30","VeggieFitness Burger mit frisch gegrilltem Gemüsepatty aus sonnengereiften Gemüse, fruchtig frischer Mangosauce, Tomaten, Zwiebeln, knackiger Salat und Gewürzgurken + American Krautsalat","27.07.2017","","La Petite","Adlershof"
"6,30","VeggieFitness Burger mit frisch gegrilltem Gemüsepatty aus sonnengereiften Gemüse, fruchtig frischer Mangosauce, Tomaten, Zwiebeln, knackiger Salat und Gewürzgurken + American Krautsalat","28.07.2017","","La Petite","Adlershof"
"5,70","Pikantes Würstchengoulasch mit Nudeln","24.07.2017","","La Petite","Adlershof"
"5,70","Pikantes Würstchengoulasch mit Nudeln","25.07.2017","","La Petite","Adlershof"
"5,70","Pikantes Würstchengoulasch mit Nudeln","26.07.2017","","La Petite","Adlershof"
"5,70","Pikantes Würstchengoulasch mit Nudeln","27.07.2017","","La Petite","Adlershof"
"5,70","Pikantes Würstchengoulasch mit Nudeln","28.07.2017","","La Petite","Adlershof"
"4,60","Hefeklöße mit Heidelbeeren und Vanillesauce","24.07.2017","","La Petite","Adlershof"
"4,60","Hefeklöße mit Heidelbeeren und Vanillesauce","25.07.2017","","La Petite","Adlershof"
"4,60","Hefeklöße mit Heidelbeeren und Vanillesauce","26.07.2017","","La Petite","Adlershof"
"4,60","Hefeklöße mit Heidelbeeren und Vanillesauce","27.07.2017","","La Petite","Adlershof"
"4,60","Hefeklöße mit Heidelbeeren und Vanillesauce","28.07.2017","","La Petite","Adlershof"
"7.5","Schnitzel mit Pfifferlings-Waldpilz-Rahmsauce, Kartoffelstampf und Tomatensalat","31.7.2017","Bio","Jouis Nour","Adlershof"
"5.5","Spaghettimit Gemüsebolognese und Sonnenblumenkernen","31.7.2017","Vegan;Vegetarian;Bio","Jouis Nour","Adlershof"
"4.5","Feuriger Paprikatopf mit Tofustückchen","31.7.2017","Vegan;Vegetarian;Bio","Jouis Nour","Adlershof"
"5","Leckerer Rucola-Salat mit Champignon, Parmaschinken und Parmesan","17.7.2017","Vegetarian","FOOD","Adlershof"
"6","Pasta der Woche: Spätzle mit Käse, Cherrytomaten und Bacon","17.7.2017","","FOOD","Adlershof"
"7","Das „Mr. Tentacles“- Sandwich mit Oktopus, Karottenpüree, Sellerie und Dill","17.7.2017","Fish","FOOD","Adlershof"
"5","Leckerer Rucola-Salat mit Champignon, Parmaschinken und Parmesan","18.7.2017","Vegetarian","FOOD","Adlershof"
"6","Pasta der Woche: Spätzle mit Käse, Cherrytomaten und Bacon","18.7.2017","","FOOD","Adlershof"
"7","Das „Mr. Tentacles“- Sandwich mit Oktopus, Karottenpüree, Sellerie und Dill","18.7.2017","Fish","FOOD","Adlershof"
"5","Leckerer Rucola-Salat mit Champignon, Parmaschinken und Parmesan","19.7.2017","Vegetarian","FOOD","Adlershof"
"6","Pasta der Woche: Spätzle mit Käse, Cherrytomaten und Bacon","19.7.2017","","FOOD","Adlershof"
"7","Das „Mr. Tentacles“- Sandwich mit Oktopus, Karottenpüree, Sellerie und Dill","19.7.2017","Fish","FOOD","Adlershof"
"5","Leckerer Rucola-Salat mit Champignon, Parmaschinken und Parmesan","20.7.2017","Vegetarian","FOOD","Adlershof"
"6","Pasta der Woche: Spätzle mit Käse, Cherrytomaten und Bacon","20.7.2017","","FOOD","Adlershof"
"7","Das „Mr. Tentacles“- Sandwich mit Oktopus, Karottenpüree, Sellerie und Dill","20.7.2017","Fish","FOOD","Adlershof"
"5","Leckerer Rucola-Salat mit Champignon, Parmaschinken und Parmesan","21.7.2017","Vegetarian","FOOD","Adlershof"
"6","Pasta der Woche: Spätzle mit Käse, Cherrytomaten und Bacon","21.7.2017","","FOOD","Adlershof"
"7","Das „Mr. Tentacles“- Sandwich mit Oktopus, Karottenpüree, Sellerie und Dill","21.7.2017","Fish","FOOD","Adlershof"
"5","Leckerergemischter Salatmit frittierten Chicken Fingers und Vinaigrette","24.7.2017","","FOOD","Adlershof"
"6","Pasta der Wochemit Pesto, Lachs und Cherrytomaten","24.7.2017","Fish","FOOD","Adlershof"
"7","Der„Happy Taste „- Burgermit Rindfleisch, Portobello Pilzen, Emmentaler, Rucola und Mayo","24.7.2017","","FOOD","Adlershof"
"5","Leckerergemischter Salatmit frittierten Chicken Fingers und Vinaigrette","25.7.2017","","FOOD","Adlershof"
"6","Pasta der Wochemit Pesto, Lachs und Cherrytomaten","25.7.2017","Fish","FOOD","Adlershof"
"7","Der„Happy Taste „- Burgermit Rindfleisch, Portobello Pilzen, Emmentaler, Rucola und Mayo","25.7.2017","","FOOD","Adlershof"
"5","Leckerergemischter Salatmit frittierten Chicken Fingers und Vinaigrette","26.7.2017","","FOOD","Adlershof"
"6","Pasta der Wochemit Pesto, Lachs und Cherrytomaten","26.7.2017","Fish","FOOD","Adlershof"
"7","Der„Happy Taste „- Burgermit Rindfleisch, Portobello Pilzen, Emmentaler, Rucola und Mayo","26.7.2017","","FOOD","Adlershof"
"5","Leckerergemischter Salatmit frittierten Chicken Fingers und Vinaigrette","27.7.2017","","FOOD","Adlershof"
"6","Pasta der Wochemit Pesto, Lachs und Cherrytomaten","27.7.2017","Fish","FOOD","Adlershof"
"7","Der„Happy Taste „- Burgermit Rindfleisch, Portobello Pilzen, Emmentaler, Rucola und Mayo","27.7.2017","","FOOD","Adlershof"
"5","Leckerergemischter Salatmit frittierten Chicken Fingers und Vinaigrette","28.7.2017","","FOOD","Adlershof"
"6","Pasta der Wochemit Pesto, Lachs und Cherrytomaten","28.7.2017","Fish","FOOD","Adlershof"
"7","Der„Happy Taste „- Burgermit Rindfleisch, Portobello Pilzen, Emmentaler, Rucola und Mayo","28.7.2017","","FOOD","Adlershof"
"4,25","Rote Linsen - Kokoscrème mit Chili und frischem Koriander","28.07.2017","","Suppencult","Alexanderplatz"
"4,40","Kalte litauische Rote Bete Suppe mit Buttermilch, Gurken und frischem Dill, auf Wunsch mit gekochtem Ei und Kochschinkenstreifen","24.07.2017","Soup","Suppencult","Alexanderplatz"
"4,40","Kalte litauische Rote Bete Suppe mit Buttermilch, Gurken und frischem Dill, auf Wunsch mit gekochtem Ei und Kochschinkenstreifen","25.07.2017","Soup","Suppencult","Alexanderplatz"
"4,40","Kalte litauische Rote Bete Suppe mit Buttermilch, Gurken und frischem Dill, auf Wunsch mit gekochtem Ei und Kochschinkenstreifen","26.07.2017","Soup","Suppencult","Alexanderplatz"
"4,40","Kalte litauische Rote Bete Suppe mit Buttermilch, Gurken und frischem Dill, auf Wunsch mit gekochtem Ei und Kochschinkenstreifen","27.07.2017","Soup","Suppencult","Alexanderplatz"
"4,40","Kalte litauische Rote Bete Suppe mit Buttermilch, Gurken und frischem Dill, auf Wunsch mit gekochtem Ei und Kochschinkenstreifen","28.07.2017","Soup","Suppencult","Alexanderplatz"
"2,50/3,20","Kalter Vollkorngriespudding mit Kirschen oder Apfelmus, Zucker und Zimt","24.07.2017","Dessert","Suppencult","Alexanderplatz"
"2,50/3,20","Kalter Vollkorngriespudding mit Kirschen oder Apfelmus, Zucker und Zimt","25.07.2017","Dessert","Suppencult","Alexanderplatz"
"2,50/3,20","Kalter Vollkorngriespudding mit Kirschen oder Apfelmus, Zucker und Zimt","26.07.2017","Dessert","Suppencult","Alexanderplatz"
"2,50/3,20","Kalter Vollkorngriespudding mit Kirschen oder Apfelmus, Zucker und Zimt","27.07.2017","Dessert","Suppencult","Alexanderplatz"
"2,50/3,20","Kalter Vollkorngriespudding mit Kirschen oder Apfelmus, Zucker und Zimt","28.07.2017","Dessert","Suppencult","Alexanderplatz"
"2,80","Hausgemachtes Tiramisu","24.07.2017","","Suppencult","Alexanderplatz"
"2,80","Hausgemachtes Tiramisu","25.07.2017","","Suppencult","Alexanderplatz"
"2,80","Hausgemachtes Tiramisu","26.07.2017","","Suppencult","Alexanderplatz"
"2,80","Hausgemachtes Tiramisu","27.07.2017","","Suppencult","Alexanderplatz"
"2,80","Hausgemachtes Tiramisu","28.07.2017","","Suppencult","Alexanderplatz"
