14.7.2017;Adlershof;Jouis Nour;7.5;bio;Puten-Tagliatelle mit Limettensauce und buntem Sommersalat
14.7.2017;Adlershof;Jouis Nour;5.9;bio, vegetarian;Gemüse-Paella á la Jouis Nour mit frischem Gemüse und Joghurt-Dip
14.7.2017;Adlershof;Jouis Nour;4.5;bio, vegetarian;Zucchinicremesuppe mit gerösteten Haferflocken
17.7.2017;Adlershof;Jouis Nour;7.5;bio;Gebratene Hähnchenkeule mit Backkartoffeln an Knackigem Krautsalat und Salsa-Dip
17.7.2017;Adlershof;Jouis Nour;5.9;bio, vegetarian;Buntes Spirelli-Brokkoli-Gratin mit Grünkern und Tomatensauce
17.7.2017;Adlershof;Jouis Nour;4.5;bio, vegetarian;Zucchinicremesuppe mit gerösteten Haferflocken
18.7.2017;Adlershof;Jouis Nour;7.5;bio;Griechischer Hackfleisch-Auflauf mit Bohnen und Fetakäse an Kräauterquark
18.7.2017;Adlershof;Jouis Nour;5.9;bio, vegetarian, vegan;Gemüse-Quinoa-Pfanne mit Naturreis und einer leichten Curry-Sauce
18.7.2017;Adlershof;Jouis Nour;4;bio, vegetarian;Toskanische Zuppa del Contadino (Bauersuppe) m. Dinkel u. geriebene Käse
19.7.2017;Adlershof;Jouis Nour;7.5;bio;Rinder-Rahmgeschnetzeltes mit Kartoffelpüree und Champignons
19.7.2017;Adlershof;Jouis Nour;5.5;bio, vegetarian;Spagetthi mit Oliven, Peperoni, Käse und frischen Kräutern, dazu Salat
19.7.2017;Adlershof;Jouis Nour;4.5;bio, vegetarian, vegan;Grüner Bohnen-Eintopf mit Sonnenblumenkernen
20.7.2017;Adlershof;Jouis Nour;7.9;fish;Seelachs mit Rahmlinsen, bunten Reis und grüner Salat
20.7.2017;Adlershof;Jouis Nour;5.9;bio, vegetarian;Kartoffel-Pfifferlingsauflauf mit Lauchstreifen und Kräaterkruste
20.7.2017;Adlershof;Jouis Nour;4;bio, vegetarian;Kohlrabicreme-Suppe mit Schnittlauch
21.7.2017;Adlershof;Jouis Nour;7;bio;Klopse “Königsberger Art” mit Rote Beete und Kartoffelpüree
21.7.2017;Adlershof;Jouis Nour;5.5;bio, vegetarian;Bunte Gemüse-Schupfnudeln-Pfanne mit Pesto
21.7.2017;Adlershof;Jouis Nour;4;bio, vegetarian, vegan;Blumenkohl-Süppchen mit gerösteten Haferflocken
24.7.2017;Adlershof;Jouis Nour;7.5;bio;Schaschlik-Spieß mit ungarische, Letscho und Reis
24.7.2017;Adlershof;Jouis Nour;5.9;bio, vegetarian;Gebackene Rosmarin-Ofenkartoffeln mit Ratatouille-Gemüse und Paprika Schmand
24.7.2017;Adlershof;Jouis Nour;4;bio, vegetarian, vegan;Paprika-Mais Suppe mit Sonnenblumenkerne
25.7.2017;Adlershof;Jouis Nour;7;bio;Bratwurst auf Weinsauerkraut mit Petersilienkartoffeln und Kräutersenfsauce
25.7.2017;Adlershof;Jouis Nour;5.9;bio, vegetarian;Indische Gemüsepfanne mit Kichererbsenpüre und Joguhrt-Minz-Dip
25.7.2017;Adlershof;Jouis Nour;4;bio, vegetarian;Champignon-Cremesuppe mit frischen Kräutern
26.7.2017;Adlershof;Jouis Nour;7.5;bio;Hausgemachtes Leber-Ragout mit Apfel an Kartoffelpüree und gerösteten Zwiebeln
26.7.2017;Adlershof;Jouis Nour;5.9;bio, vegetarian;Bandnudeln an Pfifferlingsrahm und Krischtomaten
26.7.2017;Adlershof;Jouis Nour;4;bio, vegetarian;Berliner Kartoffelsuppe mit Kräuterschmand
27.7.2017;Adlershof;Jouis Nour;7.9;fish;Schollenfilet gedünstet in Dillrahm mit Kartoffeln und Gurkensalat
27.7.2017;Adlershof;Jouis Nour;5.9;bio, vegetarian;Mediterrane Gemüse-Lasagne mit einem Kräuter-Dip
27.7.2017;Adlershof;Jouis Nour;4;bio, vegetarian;Tomatencremesuppe mit Käse-Croutons
28.7.2017;Adlershof;Jouis Nour;7.5;bio;Brandenburger Schmorkohl mit Hackfleisch und Petersilienkartoffeln
27.7.2017;Adlershof;Jouis Nour;6;bio, vegetarian, vegan;Farfalle mit Tomaten-Oliven-Sauce und frischen Kräutern
27.7.2017;Adlershof;Jouis Nour;4;bio, vegetarian;Lauch-Rahmsüppchen mit Karotttenraspeln
31.7.2017;Adlershof;Jouis Nour;7.5;bio;Schnitzel mit Pfifferlings-Waldpilz-Rahmsauce, Kartoffelstampf und Tomatensalat
31.7.2017;Adlershof;Jouis Nour;5.5;bio, vegetarian, vegan;Spaghettimit Gemüsebolognese und Sonnenblumenkernen
31.7.2017;Adlershof;Jouis Nour;4.5;bio, vegetarian, vegan;Feuriger Paprikatopf mit Tofustückchen
1.8.2017;Adlershof;Jouis Nour;4.5;bio;Thai-Gemüsesuppe mit Kokosmilch und Hähnchen
1.8.2017;Adlershof;Jouis Nour;7.5;bio;Tafelspitz mit Meerrettichsauce und Fingermöhren an Salzkartoffeln
1.8.2017;Adlershof;Jouis Nour;5.9;bio, vegetarian;Griechischer Spinatauflauf mit Tzatziki und geröstetem Sesam
2.8.2017;Adlershof;Jouis Nour;4;bio, vegetarian;Spinatcremesuppe mit Tomatenwürfeln
2.8.2017;Adlershof;Jouis Nour;7.5;bio;Pikanter Gulasch vom Schwein mit Waldpilzen und Salzkartoffeln
2.8.2017;Adlershof;Jouis Nour;5.5;bio, vegetarian;Pasta mit Gorgonzolasauce, Rucola und Kirschtomaten
3.8.2017;Adlershof;Jouis Nour;4;bio, vegetarian, vegan;Rote Linsensuppe mit Paprikastreifen
3.8.2017;Adlershof;Jouis Nour;7.9;fish;Gebratener Rotbarsch mit Senfsauce, Kartoffeln und Rahmgurken
3.8.2017;Adlershof;Jouis Nour;5.9;bio;Polenta-Porree-Auflauf mit gerösteten Sonnenblumenkernen und Tomaten-Pesto
4.8.2017;Adlershof;Jouis Nour;4;bio, vegetarian;Kaltes Gurkensüppchen mit Tomaten-Kräuter-Pesto
4.8.2017;Adlershof;Jouis Nour;7;bio;Geflügelbällchen mit Paprika-Tomaten-Gemüse und Kartoffelecken
4.8.2017;Adlershof;Jouis Nour;5.5;bio, vegetarian;Rahmspinat mit gekochten Eiern an Petersilienkartoffeln
7.8.2017;Adlershof;Jouis Nour;4;bio, vegetarian, vegan;Fruchtige Kürbissuppe mit gerösteten Kürbiskernen
7.8.2017;Adlershof;Jouis Nour;7.5;bio;Rindergeschnetzeltes in pikanter Pfeffersauce mit Langkornreis und frischen Kräutern
7.8.2017;Adlershof;Jouis Nour;5.9;bio, vegetarian;Bunte Gemüse-Gnocchipfanne an Kräuterrahm
8.8.2017;Adlershof;Jouis Nour;4;bio, vegetarian;Brokkolisuppe mit Tomatenwürfel und Sonnenblumenkernen
8.8.2017;Adlershof;Jouis Nour;7.5;bio;Mini Grillhaxen mit Sellerie-Kartoffelpüree und Malzbiersauce
8.8.2017;Adlershof;Jouis Nour;5.9;bio, vegetarian;Orientalische Gemüse Cous Cous Pfanne mit Joghurt-Minz-Dip
9.8.2017;Adlershof;Jouis Nour;4;bio, vegetarian, vegan;Kichererbsensüppchen mit frischen Kräutern
9.8.2017;Adlershof;Jouis Nour;7.5;bio;Gebratene Hähnchenkeule mit Backkartoffeln, Sour Cream und Cole Slaw
9.8.2017;Adlershof;Jouis Nour;5.9;bio, vegetarian;Tagliatelle mit Pfifferling-Rahmsauce und Petersilienschmand
10.8.2017;Adlershof;Jouis Nour;5;bio;Fleisch-Soljanka mit saurer Sahne und frischen Kräutern
10.8.2017;Adlershof;Jouis Nour;7.9;fish;Kabeljau an Currygemüse mit Basmatireis und buntem Blattsalat
10.8.2017;Adlershof;Jouis Nour;5.9;bio, vegetarian;Spinat-Lasagne mit Frischkäsesauce
11.8.2017;Adlershof;Jouis Nour;4;bio, vegetarian, vegan;Minestrone mit Knackigen Croutons
11.8.2017;Adlershof;Jouis Nour;7;bio;Boulette nach Balkan Art mit Feta und Peperoni, dazu grüne Bohnen und Kartoffeln
11.8.2017;Adlershof;Jouis Nour;5.9;bio, vegetarian;Bulgur Gemüseüfanne mit gepufften Buchweizen und Pestosauce
14.8.2017;Adlershof;Jouis Nour;4;bio, vegetarian, vegan;Süßkartoffelsuppe mit Blattspinat und Tomatenwürfeln
14.8.2017;Adlershof;Jouis Nour;7;bio;Hackfleisch-Kohlpfanne mit Salzkartoffeln
14.8.2017;Adlershof;Jouis Nour;5.9;bio, vegetarian;Gemüseteller mit Holländischer Sauce
15.8.2017;Adlershof;Jouis Nour;4;bio, vegetarian;Tomatensuppe mit Basilikum-Schmand
15.8.2017;Adlershof;Jouis Nour;7.5;bio;Gefülltes Putensteak mit Brokkoli und Kurkumareis
15.8.2017;Adlershof;Jouis Nour;5.9;bio, vegetarian;Mediterrane Gemüse-Lasagne mit Buchweizen und Hausgemachtem Kräuterquark
16.8.2017;Adlershof;Jouis Nour;4.5;bio, vegetarian;Vegetarisches Chili con Soja mit Koriander und Joghurtdip
16.8.2017;Adlershof;Jouis Nour;7.5;bio;Schnitzel Wiener Art mit Blumenkohlrahm und Salzkartoffeln
16.8.2017;Adlershof;Jouis Nour;5.9;bio, vegetarian;Penne Arabiatta mit Kirschtomaten und Gouda
17.8.2017;Adlershof;Jouis Nour;4;bio, vegetarian;Feine Erbsen-Kräutercremesuppe mit Karottenstreifen
17.8.2017;Adlershof;Jouis Nour;;fish;Forelle Müllerin Art mit Wurzelgemüse und Petersilienkartoffeln
17.8.2017;Adlershof;Jouis Nour;5.9;bio, vegetarian;Waldpilzrisotto mit Parmesanhobel
18.8.2017;Adlershof;Jouis Nour;4;bio, vegetarian;Blumenkohl-Süppchen mit gerösteten Haferflocken
18.8.2017;Adlershof;Jouis Nour;7;bio;Rinderboulette gefüllt mit Fetakäse an Ratatouille und Tomatenreis
18.8.2017;Adlershof;Jouis Nour;5.9;bio, vegetarian, vegan;Linsen-Gemüse-Curry mit Basmatireis und Koriander
21.8.2017;Adlershof;Jouis Nour;4;bio, vegetarian, vegan;Zucchinisuppe mit Infwer-Croutons
21.8.2017;Adlershof;Jouis Nour;7.5;bio;Szegediner Gulasch mit Kartoffeln und Creme Fraiche
21.8.2017;Adlershof;Jouis Nour;5.5;bio, vegetarian;Tomatisierte Spaghetti mit Spinat, gerösteten Nüssen und geriebenem Käse
22.8.2017;Adlershof;Jouis Nour;4;bio, vegetarian;Beluga-Linsensuppe mit Zitronenjoghurt-Dip
22.8.2017;Adlershof;Jouis Nour;7;bio;Falscher Hase mit Möhren auf Kartoffelpüree mit Dill-Joghurt-Dip
22.8.2017;Adlershof;Jouis Nour;5.9;bio, vegetarian, vegan;Gemüse-Grünkern-Pfanne mit Naturreis und einer leichten Nuss-Sauce
23.8.2017;Adlershof;Jouis Nour;4;bio;Klare Rinderbrühe mit Fadennudeln
23.8.2017;Adlershof;Jouis Nour;7.5;bio;Putenschnitzel mit Pfifferlingsauce und Rosmarinkartoffeln
23.8.2017;Adlershof;Jouis Nour;5.9;bio, vegetarian;Schupfnudelpfanne mit Basilikumpesto und Marktgemüse
24.8.2017;Adlershof;Jouis Nour;4;bio, vegetarian;Cremige Rucola-Käsesuppe mit Chili-Croutons
24.8.2017;Adlershof;Jouis Nour;7.9;fish;Gebratener Seelachs auf Mangold-Zucchinigemüse mit gebackenen Süßkartoffeln und Currysauce
24.8.2017;Adlershof;Jouis Nour;5.9;bio, vegetarian;Feuriger Couscous mit marokkanischem Gemüsetopf und Ingwer-Zimt-Dip
25.8.2017;Adlershof;Jouis Nour;4;bio, vegetarian;Sellerie-Cremesuppe mit Kräutern
25.8.2017;Adlershof;Jouis Nour;7.5;bio;Rinderstreifen nach Stroganoff Art mit Salzkartoffeln
25.8.2017;Adlershof;Jouis Nour;5.9;bio, vegetarian, vegan;Blumenkohl-Amaranth-Pfanne an Tomatensauce
28.8.2017;Adlershof;Jouis Nour;4;bio, vegetarian;Indische Möhrensuppe mit Orangen-Joghurt
28.8.2017;Adlershof;Jouis Nour;7.5;bio;Puten-Gyros mit Tomaten-Paprikasauce und Vollkornreis
28.8.2017;Adlershof;Jouis Nour;5.9;bio, vegetarian;Gemüse-Kichererbsenpfanne und Joghurt-Dip
29.8.2017;Adlershof;Jouis Nour;4;bio, vegetarian;Kartoffel-Frischkäsesuppe mit frischem Dill
29.8.2017;Adlershof;Jouis Nour;6.5;bio;Berliner Jägerschnitzel mit Tomatensauce und Spirelli
29.8.2017;Adlershof;Jouis Nour;5.9;bio, vegetarian;Getreide-Gemüse-Taler mit Sesamsauce und buntem Salat
30.8.2017;Adlershof;Jouis Nour;4;bio, vegetarian;Kürbis-Cremesuppe mit Orangen und Ingwer dazu Sesam
30.8.2017;Adlershof;Jouis Nour;7.5;bio;Cordon Bleu vom Schwein mit Brokkoli und Kartoffelstampf
30.8.2017;Adlershof;Jouis Nour;5.9;bio, vegetarian;Farfalle mit Pilz-Ragout und Cherrytomaten dazu geriebenen Käse
31.8.2017;Adlershof;Jouis Nour;4.5;bio;Berliner Erbsensuppe mit Wiener Würstchen
31.8.2017;Adlershof;Jouis Nour;7.9;fish;Gebratenes Zanderfilet auf Karotten-Lauch-Rahm und Kräuterreis
31.8.2017;Adlershof;Jouis Nour;5.5;bio, vegetarian;Vollkorn-Spaghetti mit Pesto und Tomatenwürfeln
17.7.2017;Adlershof;FOOD;5;vegetarian;Leckerer Rucola-Salat mit Champignon, Parmaschinken und Parmesan
17.7.2017;Adlershof;FOOD;6;;Pasta der Woche: Spätzle mit Käse, Cherrytomaten und Bacon
17.7.2017;Adlershof;FOOD;7;fish;Das „Mr. Tentacles“- Sandwich mit Oktopus, Karottenpüree, Sellerie und Dill
18.7.2017;Adlershof;FOOD;5;vegetarian;Leckerer Rucola-Salat mit Champignon, Parmaschinken und Parmesan
18.7.2017;Adlershof;FOOD;6;;Pasta der Woche: Spätzle mit Käse, Cherrytomaten und Bacon
18.7.2017;Adlershof;FOOD;7;fish;Das „Mr. Tentacles“- Sandwich mit Oktopus, Karottenpüree, Sellerie und Dill
19.7.2017;Adlershof;FOOD;5;vegetarian;Leckerer Rucola-Salat mit Champignon, Parmaschinken und Parmesan
19.7.2017;Adlershof;FOOD;6;;Pasta der Woche: Spätzle mit Käse, Cherrytomaten und Bacon
19.7.2017;Adlershof;FOOD;7;fish;Das „Mr. Tentacles“- Sandwich mit Oktopus, Karottenpüree, Sellerie und Dill
20.7.2017;Adlershof;FOOD;5;vegetarian;Leckerer Rucola-Salat mit Champignon, Parmaschinken und Parmesan
20.7.2017;Adlershof;FOOD;6;;Pasta der Woche: Spätzle mit Käse, Cherrytomaten und Bacon
20.7.2017;Adlershof;FOOD;7;fish;Das „Mr. Tentacles“- Sandwich mit Oktopus, Karottenpüree, Sellerie und Dill
21.7.2017;Adlershof;FOOD;5;vegetarian;Leckerer Rucola-Salat mit Champignon, Parmaschinken und Parmesan
21.7.2017;Adlershof;FOOD;6;;Pasta der Woche: Spätzle mit Käse, Cherrytomaten und Bacon
21.7.2017;Adlershof;FOOD;7;fish;Das „Mr. Tentacles“- Sandwich mit Oktopus, Karottenpüree, Sellerie und Dill
24.7.2017;Adlershof;FOOD;5;;Leckerer gemischter Salat mit frittierten Chicken Fingers und Vinaigrette
24.7.2017;Adlershof;FOOD;6;fish;Pasta der Woche mit Pesto, Lachs und Cherrytomaten
24.7.2017;Adlershof;FOOD;7;;Der „Happy Taste „- Burger mit Rindfleisch, Portobello Pilzen, Emmentaler, Rucola und Mayo
25.7.2017;Adlershof;FOOD;5;;Leckerer gemischter Salat mit frittierten Chicken Fingers und Vinaigrette
25.7.2017;Adlershof;FOOD;6;fish;Pasta der Woche mit Pesto, Lachs und Cherrytomaten
25.7.2017;Adlershof;FOOD;7;;Der „Happy Taste „- Burger mit Rindfleisch, Portobello Pilzen, Emmentaler, Rucola und Mayo
26.7.2017;Adlershof;FOOD;5;;Leckerer gemischter Salat mit frittierten Chicken Fingers und Vinaigrette
26.7.2017;Adlershof;FOOD;6;fish;Pasta der Woche mit Pesto, Lachs und Cherrytomaten
26.7.2017;Adlershof;FOOD;7;;Der „Happy Taste „- Burger mit Rindfleisch, Portobello Pilzen, Emmentaler, Rucola und Mayo
27.7.2017;Adlershof;FOOD;5;;Leckerer gemischter Salat mit frittierten Chicken Fingers und Vinaigrette
27.7.2017;Adlershof;FOOD;6;fish;Pasta der Woche mit Pesto, Lachs und Cherrytomaten
27.7.2017;Adlershof;FOOD;7;;Der „Happy Taste „- Burger mit Rindfleisch, Portobello Pilzen, Emmentaler, Rucola und Mayo
28.7.2017;Adlershof;FOOD;5;;Leckerer gemischter Salat mit frittierten Chicken Fingers und Vinaigrette
28.7.2017;Adlershof;FOOD;6;fish;Pasta der Woche mit Pesto, Lachs und Cherrytomaten
28.7.2017;Adlershof;FOOD;7;;Der „Happy Taste „- Burger mit Rindfleisch, Portobello Pilzen, Emmentaler, Rucola und Mayo
31.7.2017;Adlershof;FOOD;5;fish;Leckerer gemischter Salat mit Thunfisch, Mais, Paprika und Vinaigrette
31.7.2017;Adlershof;FOOD;6;;Gnocchi mit Gorgonzola und Bacon
31.7.2017;Adlershof;FOOD;7;fish;Das „Club Tuna“- Sandwich mit Thunfisch, Mayo, Salat, Tomaten und Bacon
1.8.2017;Adlershof;FOOD;5;fish;Leckerer gemischter Salat mit Thunfisch, Mais, Paprika und Vinaigrette
1.8.2017;Adlershof;FOOD;6;;Gnocchi mit Gorgonzola und Bacon
1.8.2017;Adlershof;FOOD;7;fish;Das „Club Tuna“- Sandwich mit Thunfisch, Mayo, Salat, Tomaten und Bacon
2.8.2017;Adlershof;FOOD;5;fish;Leckerer gemischter Salat mit Thunfisch, Mais, Paprika und Vinaigrette
2.8.2017;Adlershof;FOOD;6;;Gnocchi mit Gorgonzola und Bacon
2.8.2017;Adlershof;FOOD;7;fish;Das „Club Tuna“- Sandwich mit Thunfisch, Mayo, Salat, Tomaten und Bacon
3.8.2017;Adlershof;FOOD;5;fish;Leckerer gemischter Salat mit Thunfisch, Mais, Paprika und Vinaigrette
3.8.2017;Adlershof;FOOD;6;;Gnocchi mit Gorgonzola und Bacon
3.8.2017;Adlershof;FOOD;7;fish;Das „Club Tuna“- Sandwich mit Thunfisch, Mayo, Salat, Tomaten und Bacon
4.8.2017;Adlershof;FOOD;5;fish;Leckerer gemischter Salat mit Thunfisch, Mais, Paprika und Vinaigrette
4.8.2017;Adlershof;FOOD;6;;Gnocchi mit Gorgonzola und Bacon
4.8.2017;Adlershof;FOOD;7;fish;Das „Club Tuna“- Sandwich mit Thunfisch, Mayo, Salat, Tomaten und Bacon
7.8.2017;Adlershof;FOOD;5;vegetarian;Caprese Salat
7.8.2017;Adlershof;FOOD;6;;Spätzle mit Spinat und Bacon
7.8.2017;Adlershof;FOOD;7;; Burger der Woche mit Rindfleisch, Emmentaler, Bacon, Rucola und gegrillter Paprika
8.8.2017;Adlershof;FOOD;5;vegetarian;Caprese Salat
8.8.2017;Adlershof;FOOD;6;;Spätzle mit Spinat und Bacon
8.8.2017;Adlershof;FOOD;7;; Burger der Woche mit Rindfleisch, Emmentaler, Bacon, Rucola und gegrillter Paprika
9.8.2017;Adlershof;FOOD;5;vegetarian;Caprese Salat
9.8.2017;Adlershof;FOOD;6;;Spätzle mit Spinat und Bacon
9.8.2017;Adlershof;FOOD;7;; Burger der Woche mit Rindfleisch, Emmentaler, Bacon, Rucola und gegrillter Paprika
10.8.2017;Adlershof;FOOD;5;vegetarian;Caprese Salat
10.8.2017;Adlershof;FOOD;6;;Spätzle mit Spinat und Bacon
10.8.2017;Adlershof;FOOD;7;; Burger der Woche mit Rindfleisch, Emmentaler, Bacon, Rucola und gegrillter Paprika
11.8.2017;Adlershof;FOOD;5;vegetarian;Caprese Salat
11.8.2017;Adlershof;FOOD;6;;Spätzle mit Spinat und Bacon
11.8.2017;Adlershof;FOOD;7;; Burger der Woche mit Rindfleisch, Emmentaler, Bacon, Rucola und gegrillter Paprika
